{"stats":{"minecraft:custom":{"minecraft:mob_kills":11,"minecraft:interact_with_crafting_table":32,"minecraft:leave_game":1,"minecraft:time_since_death":15674,"minecraft:sprint_one_cm":30993,"minecraft:walk_one_cm":173282,"minecraft:drop":79,"minecraft:play_time":83059,"minecraft:deaths":7,"minecraft:sneak_time":3302,"minecraft:jump":119,"minecraft:walk_on_water_one_cm":604,"minecraft:total_world_time":83059,"minecraft:interact_with_furnace":40,"minecraft:time_since_rest":15710,"minecraft:damage_taken":3175,"minecraft:damage_dealt":3141,"minecraft:fly_one_cm":10067,"minecraft:player_kills":2,"minecraft:open_chest":121,"minecraft:crouch_one_cm":3086},"minecraft:crafted":{"minecraft:oak_planks":12,"minecraft:raw_iron":9,"minecraft:golden_chestplate":1,"minecraft:furnace":2,"minecraft:bone_meal":3,"minecraft:iron_axe":2,"minecraft:stone_pickaxe":3,"minecraft:golden_helmet":1,"minecraft:cooked_rabbit":2,"minecraft:golden_boots":1,"minecraft:oak_slab":84,"minecraft:wooden_shovel":1,"minecraft:cooked_porkchop":3,"minecraft:crafting_table":1,"minecraft:wooden_pickaxe":1,"minecraft:golden_shovel":1,"minecraft:birch_planks":16,"minecraft:stone_axe":3,"minecraft:air":0,"minecraft:golden_leggings":2,"minecraft:charcoal":11,"minecraft:raw_gold":45,"minecraft:stick":40,"minecraft:iron_pickaxe":4,"minecraft:iron_ingot":32,"minecraft:snow_block":35,"minecraft:iron_shovel":2,"minecraft:gold_ingot":46},"minecraft:mined":{"minecraft:deepslate_tiles":3,"minecraft:tuff":9,"minecraft:dark_oak_log":3,"minecraft:granite":53,"minecraft:budding_amethyst":5,"minecraft:grass_block":121,"minecraft:deepslate_bricks":12,"minecraft:birch_slab":1,"minecraft:raw_iron_block":1,"minecraft:raw_gold_block":6,"minecraft:iron_ore":46,"minecraft:andesite":43,"minecraft:pumpkin":5,"minecraft:deepslate_lapis_ore":6,"minecraft:deepslate_iron_ore":4,"minecraft:packed_ice":17,"minecraft:stone":153,"minecraft:podzol":17,"minecraft:gray_terracotta":6,"minecraft:snow_block":48,"minecraft:powder_snow":12,"minecraft:clay":18,"minecraft:calcite":47,"minecraft:melon":2,"minecraft:chest":21,"minecraft:copper_ore":67,"minecraft:deepslate_gold_ore":10,"minecraft:diorite":59,"minecraft:amethyst_block":52,"minecraft:deepslate_copper_ore":10,"minecraft:white_terracotta":20,"minecraft:blue_terracotta":2,"minecraft:birch_log":28,"minecraft:blue_ice":10,"minecraft:spruce_log":20,"minecraft:coal_ore":24,"minecraft:oak_log":60,"minecraft:dirt":48,"minecraft:gravel":56,"minecraft:dripstone_block":5,"minecraft:smooth_basalt":7,"minecraft:terracotta":16,"minecraft:raw_copper_block":3,"minecraft:gold_ore":11,"minecraft:deepslate":40,"minecraft:suspicious_gravel":25},"minecraft:used":{"minecraft:iron_shovel":90,"minecraft:chest":3,"minecraft:wooden_shovel":136,"minecraft:torch":4,"minecraft:dirt":5,"minecraft:golden_shovel":32,"minecraft:wooden_axe":59,"minecraft:iron_axe":98,"minecraft:oak_sapling":1,"minecraft:furnace":3,"minecraft:cooked_beef":1,"minecraft:golden_boots":1,"minecraft:stone_pickaxe":266,"minecraft:wooden_pickaxe":23,"minecraft:crafting_table":3,"minecraft:oak_slab":6,"minecraft:mushroom_stew":13,"minecraft:melon_slice":1,"minecraft:iron_pickaxe":561,"minecraft:golden_leggings":1,"minecraft:stone_axe":52,"minecraft:wooden_sword":17,"minecraft:cooked_rabbit":2},"minecraft:killed":{"minecraft:spider":1,"minecraft:polar_bear":1,"minecraft:zombie":3,"minecraft:stray":6},"minecraft:picked_up":{"minecraft:wooden_axe":3,"minecraft:crafting_table":1,"minecraft:clay_ball":48,"minecraft:wooden_pickaxe":4,"minecraft:golden_shovel":1,"minecraft:amethyst_block":46,"minecraft:raw_copper":203,"minecraft:iron_axe":1,"minecraft:wooden_sword":1,"minecraft:iron_shovel":2,"minecraft:deepslate_tiles":3,"minecraft:cobbled_deepslate":40,"minecraft:calcite":34,"minecraft:wooden_shovel":2,"minecraft:iron_pickaxe":1,"minecraft:melon_slice":4,"minecraft:chest":17,"minecraft:raw_copper_block":3,"minecraft:egg":1,"minecraft:tipped_arrow":3,"minecraft:dark_oak_sapling":3,"minecraft:sheaf_pottery_sherd":4,"minecraft:stick":14,"minecraft:raw_iron":37,"minecraft:raw_gold_block":5,"minecraft:oak_fence":1,"minecraft:copper_ingot":2,"minecraft:torch":1,"minecraft:bowl":1,"minecraft:porkchop":3,"minecraft:diorite":51,"minecraft:carrot":1,"minecraft:shaper_armor_trim_smithing_template":1,"minecraft:howl_pottery_sherd":14,"minecraft:arrow":8,"minecraft:rotten_flesh":2,"minecraft:deepslate_bricks":12,"minecraft:white_terracotta":24,"minecraft:host_armor_trim_smithing_template":1,"minecraft:mutton":1,"minecraft:heartbreak_pottery_sherd":4,"minecraft:snowball":232,"minecraft:white_wool":1,"minecraft:cobblestone":126,"minecraft:birch_log":20,"minecraft:feather":4,"minecraft:golden_carrot":2,"minecraft:birch_slab":1,"minecraft:andesite":45,"minecraft:leather":6,"minecraft:powder_snow_bucket":1,"minecraft:ice":1,"minecraft:mushroom_stew":6,"minecraft:flint":3,"minecraft:tuff":9,"minecraft:oak_log":41,"minecraft:lapis_lazuli":38,"minecraft:dirt":141,"minecraft:bone":7,"minecraft:apple":2,"minecraft:gray_terracotta":6,"minecraft:raw_gold":16,"minecraft:rabbit_hide":5,"minecraft:stone_pickaxe":3,"minecraft:rabbit":3,"minecraft:oak_planks":126,"minecraft:oak_slab":4,"minecraft:smooth_basalt":11,"minecraft:pumpkin":1,"minecraft:sweet_berries":3,"minecraft:budding_amethyst":1,"minecraft:raw_iron_block":1,"minecraft:dripstone_block":9,"minecraft:gravel":67,"minecraft:spruce_sapling":4,"minecraft:spruce_log":29,"minecraft:dark_oak_log":3,"minecraft:pumpkin_seeds":1,"minecraft:blue_terracotta":2,"minecraft:stone_axe":1,"minecraft:granite":35,"minecraft:bone_meal":3,"minecraft:terracotta":12,"minecraft:oak_sapling":1,"minecraft:coal":21},"minecraft:killed_by":{"minecraft:stray":1,"minecraft:zombie":2},"minecraft:broken":{"minecraft:wooden_shovel":1,"minecraft:golden_shovel":1,"minecraft:stone_pickaxe":2,"minecraft:iron_pickaxe":2},"minecraft:dropped":{"minecraft:oak_slab":87,"minecraft:oak_log":3,"minecraft:dirt":7,"minecraft:diorite":7,"minecraft:wooden_axe":3,"minecraft:bone_meal":3,"minecraft:iron_shovel":1,"minecraft:bone":2,"minecraft:snow_block":35,"minecraft:sweet_berries":2,"minecraft:bowl":2,"minecraft:raw_iron":6,"minecraft:oak_planks":43,"minecraft:golden_shovel":1,"minecraft:white_terracotta":4,"minecraft:rabbit_hide":1,"minecraft:tipped_arrow":1,"minecraft:andesite":10,"minecraft:golden_leggings":1,"minecraft:wooden_shovel":2,"minecraft:spruce_log":4,"minecraft:stone_pickaxe":1,"minecraft:wooden_pickaxe":5}},"DataVersion":3700}