{"stats":{"minecraft:killed_by":{"minecraft:cave_spider":1,"minecraft:skeleton":1,"minecraft:creeper":1,"minecraft:spider":1},"minecraft:used":{"minecraft:acacia_boat":1,"minecraft:stone_sword":70,"minecraft:acacia_log":1,"minecraft:stone_pickaxe":113,"minecraft:oak_planks":1,"minecraft:wooden_pickaxe":20,"minecraft:shield":8,"minecraft:rotten_flesh":2,"minecraft:torch":13,"minecraft:dirt":27,"minecraft:crafting_table":4,"minecraft:acacia_sapling":3,"minecraft:melon_slice":8,"minecraft:bread":2,"minecraft:acacia_slab":1,"minecraft:leather_helmet":1,"minecraft:stone_axe":16,"minecraft:wooden_sword":45,"minecraft:cobblestone":3,"minecraft:porkchop":2,"minecraft:cooked_porkchop":1,"minecraft:cooked_beef":1,"minecraft:orange_terracotta":1},"minecraft:picked_up":{"minecraft:crafting_table":1,"minecraft:cooked_beef":1,"minecraft:salmon":12,"minecraft:leather":3,"minecraft:flint":1,"minecraft:shield":2,"minecraft:gunpowder":2,"minecraft:dirt":52,"minecraft:string":59,"minecraft:wooden_sword":1,"minecraft:orange_terracotta":1,"minecraft:bone":4,"minecraft:acacia_planks":19,"minecraft:wheat_seeds":1,"minecraft:melon_slice":42,"minecraft:acacia_sapling":3,"minecraft:oak_planks":1,"minecraft:stick":5,"minecraft:raw_iron":34,"minecraft:cooked_porkchop":1,"minecraft:torch":4,"minecraft:acacia_log":34,"minecraft:gravel":6,"minecraft:porkchop":2,"minecraft:spider_eye":1,"minecraft:leather_helmet":1,"minecraft:stone_sword":1,"minecraft:arrow":1,"minecraft:rotten_flesh":3,"minecraft:hay_block":22,"minecraft:acacia_slab":1,"minecraft:melon_seeds":2,"minecraft:coal":56,"minecraft:white_wool":2,"minecraft:rail":2,"minecraft:cobblestone":34},"minecraft:crafted":{"minecraft:wooden_sword":1,"minecraft:crafting_table":3,"minecraft:wooden_pickaxe":1,"minecraft:stone_axe":1,"minecraft:acacia_boat":1,"minecraft:stick":20,"minecraft:stone_pickaxe":2,"minecraft:stone_sword":2,"minecraft:acacia_planks":64,"minecraft:torch":32},"minecraft:dropped":{"minecraft:stone_sword":1},"minecraft:broken":{"minecraft:wooden_sword":1},"minecraft:killed":{"minecraft:cave_spider":3,"minecraft:pig":1,"minecraft:salmon":6,"minecraft:spider":4,"minecraft:creeper":1,"minecraft:skeleton":1,"minecraft:zombie":4},"minecraft:custom":{"minecraft:mob_kills":21,"minecraft:interact_with_crafting_table":11,"minecraft:bell_ring":2,"minecraft:leave_game":1,"minecraft:time_since_death":26963,"minecraft:sleep_in_bed":2,"minecraft:time_since_rest":25290,"minecraft:sprint_one_cm":149612,"minecraft:damage_taken":1304,"minecraft:walk_one_cm":178585,"minecraft:damage_blocked_by_shield":240,"minecraft:drop":1,"minecraft:damage_dealt":2558,"minecraft:swim_one_cm":27629,"minecraft:talked_to_villager":2,"minecraft:fly_one_cm":75691,"minecraft:open_chest":2,"minecraft:crouch_one_cm":2373,"minecraft:play_time":57839,"minecraft:deaths":4,"minecraft:sneak_time":739,"minecraft:walk_under_water_one_cm":20821,"minecraft:boat_one_cm":153543,"minecraft:jump":634,"minecraft:walk_on_water_one_cm":16205,"minecraft:total_world_time":57839,"minecraft:fall_one_cm":9726},"minecraft:mined":{"minecraft:acacia_leaves":11,"minecraft:orange_terracotta":1,"minecraft:crafting_table":1,"minecraft:torch":3,"minecraft:acacia_log":30,"minecraft:grass_block":2,"minecraft:melon":5,"minecraft:tall_grass":8,"minecraft:cobblestone":1,"minecraft:acacia_slab":1,"minecraft:oak_planks":1,"minecraft:wall_torch":2,"minecraft:hay_block":22,"minecraft:acacia_sapling":1,"minecraft:iron_ore":34,"minecraft:grass":50,"minecraft:coal_ore":55,"minecraft:gravel":7,"minecraft:dirt":6,"minecraft:cobweb":47,"minecraft:stone":24}},"DataVersion":3465}