{"stats":{"minecraft:crafted":{"minecraft:oak_planks":12,"minecraft:oak_slab":84,"minecraft:wooden_shovel":1,"minecraft:raw_iron":9,"minecraft:crafting_table":1,"minecraft:wooden_pickaxe":1,"minecraft:furnace":1,"minecraft:golden_shovel":1,"minecraft:bone_meal":3,"minecraft:birch_planks":12,"minecraft:stone_axe":3,"minecraft:air":0,"minecraft:raw_gold":45,"minecraft:iron_axe":2,"minecraft:stick":40,"minecraft:iron_ingot":22,"minecraft:iron_pickaxe":3,"minecraft:stone_pickaxe":3,"minecraft:iron_shovel":1,"minecraft:cooked_rabbit":2},"minecraft:mined":{"minecraft:gray_terracotta":6,"minecraft:snow_block":16,"minecraft:dark_oak_log":1,"minecraft:powder_snow":7,"minecraft:clay":17,"minecraft:granite":41,"minecraft:budding_amethyst":1,"minecraft:calcite":29,"minecraft:grass_block":104,"minecraft:melon":2,"minecraft:chest":18,"minecraft:copper_ore":54,"minecraft:birch_slab":1,"minecraft:diorite":49,"minecraft:amethyst_block":35,"minecraft:white_terracotta":18,"minecraft:raw_iron_block":1,"minecraft:blue_terracotta":2,"minecraft:raw_gold_block":6,"minecraft:birch_log":27,"minecraft:iron_ore":40,"minecraft:blue_ice":3,"minecraft:spruce_log":5,"minecraft:andesite":41,"minecraft:pumpkin":5,"minecraft:oak_log":53,"minecraft:coal_ore":23,"minecraft:dripstone_block":3,"minecraft:gravel":39,"minecraft:dirt":42,"minecraft:packed_ice":12,"minecraft:smooth_basalt":4,"minecraft:terracotta":14,"minecraft:raw_copper_block":3,"minecraft:stone":128,"minecraft:gold_ore":10,"minecraft:suspicious_gravel":8,"minecraft:podzol":16},"minecraft:custom":{"minecraft:interact_with_furnace":16,"minecraft:mob_kills":6,"minecraft:interact_with_crafting_table":23,"minecraft:leave_game":1,"minecraft:time_since_death":6586,"minecraft:time_since_rest":6621,"minecraft:sprint_one_cm":19690,"minecraft:damage_taken":2490,"minecraft:walk_one_cm":122762,"minecraft:drop":43,"minecraft:damage_dealt":2184,"minecraft:fly_one_cm":8365,"minecraft:player_kills":2,"minecraft:open_chest":66,"minecraft:play_time":59059,"minecraft:crouch_one_cm":3047,"minecraft:sneak_time":3143,"minecraft:deaths":6,"minecraft:jump":100,"minecraft:walk_on_water_one_cm":604,"minecraft:total_world_time":59059},"minecraft:used":{"minecraft:iron_shovel":38,"minecraft:stone_pickaxe":266,"minecraft:wooden_pickaxe":23,"minecraft:wooden_shovel":136,"minecraft:torch":4,"minecraft:dirt":5,"minecraft:oak_slab":6,"minecraft:crafting_table":2,"minecraft:mushroom_stew":10,"minecraft:golden_shovel":8,"minecraft:wooden_axe":59,"minecraft:iron_axe":41,"minecraft:iron_pickaxe":324,"minecraft:stone_axe":52,"minecraft:wooden_sword":17,"minecraft:furnace":1,"minecraft:oak_sapling":1,"minecraft:cooked_rabbit":2},"minecraft:killed":{"minecraft:spider":1,"minecraft:zombie":1,"minecraft:stray":4},"minecraft:picked_up":{"minecraft:wooden_axe":3,"minecraft:birch_log":18,"minecraft:feather":4,"minecraft:birch_slab":1,"minecraft:clay_ball":44,"minecraft:andesite":43,"minecraft:leather":6,"minecraft:wooden_pickaxe":4,"minecraft:golden_shovel":1,"minecraft:mushroom_stew":6,"minecraft:flint":2,"minecraft:oak_log":34,"minecraft:amethyst_block":30,"minecraft:dirt":115,"minecraft:raw_copper":130,"minecraft:wooden_sword":1,"minecraft:bone":3,"minecraft:apple":2,"minecraft:gray_terracotta":6,"minecraft:raw_gold":5,"minecraft:rabbit_hide":5,"minecraft:stone_pickaxe":3,"minecraft:calcite":16,"minecraft:wooden_shovel":2,"minecraft:rabbit":3,"minecraft:chest":13,"minecraft:oak_planks":126,"minecraft:raw_copper_block":3,"minecraft:egg":1,"minecraft:tipped_arrow":1,"minecraft:oak_slab":3,"minecraft:stick":14,"minecraft:raw_iron":27,"minecraft:smooth_basalt":8,"minecraft:pumpkin":1,"minecraft:raw_gold_block":5,"minecraft:dripstone_block":7,"minecraft:bowl":1,"minecraft:torch":1,"minecraft:raw_iron_block":1,"minecraft:gravel":38,"minecraft:diorite":41,"minecraft:spruce_log":13,"minecraft:carrot":1,"minecraft:dark_oak_log":1,"minecraft:howl_pottery_sherd":2,"minecraft:pumpkin_seeds":1,"minecraft:arrow":4,"minecraft:blue_terracotta":2,"minecraft:stone_axe":1,"minecraft:granite":23,"minecraft:white_terracotta":22,"minecraft:terracotta":10,"minecraft:oak_sapling":1,"minecraft:mutton":1,"minecraft:coal":20,"minecraft:snowball":80,"minecraft:white_wool":1,"minecraft:cobblestone":98},"minecraft:killed_by":{"minecraft:zombie":2},"minecraft:broken":{"minecraft:stone_pickaxe":2,"minecraft:wooden_shovel":1,"minecraft:iron_pickaxe":1},"minecraft:dropped":{"minecraft:oak_slab":87,"minecraft:sweet_berries":2,"minecraft:oak_log":3,"minecraft:bowl":2,"minecraft:raw_iron":6,"minecraft:oak_planks":43,"minecraft:golden_shovel":1,"minecraft:white_terracotta":4,"minecraft:rabbit_hide":1,"minecraft:dirt":7,"minecraft:tipped_arrow":1,"minecraft:diorite":7,"minecraft:wooden_axe":3,"minecraft:andesite":10,"minecraft:wooden_shovel":2,"minecraft:bone_meal":3,"minecraft:spruce_log":4,"minecraft:stone_pickaxe":1,"minecraft:wooden_pickaxe":5,"minecraft:iron_shovel":1,"minecraft:bone":2}},"DataVersion":3700}