{"stats":{"minecraft:crafted":{"minecraft:acacia_planks":12},"minecraft:killed":{"minecraft:spider":1,"minecraft:zombie":3,"minecraft:pig":1},"minecraft:picked_up":{"minecraft:rotten_flesh":2,"minecraft:leather":3,"minecraft:acacia_log":18,"minecraft:porkchop":2,"minecraft:white_wool":2,"minecraft:dirt":44},"minecraft:mined":{"minecraft:grass":40,"minecraft:acacia_log":15,"minecraft:acacia_leaves":4,"minecraft:tall_grass":8},"minecraft:custom":{"minecraft:time_since_rest":3037,"minecraft:crouch_one_cm":216,"minecraft:play_time":11498,"minecraft:sprint_one_cm":28665,"minecraft:deaths":2,"minecraft:damage_taken":763,"minecraft:walk_one_cm":38868,"minecraft:sneak_time":37,"minecraft:walk_under_water_one_cm":988,"minecraft:mob_kills":5,"minecraft:boat_one_cm":17215,"minecraft:jump":203,"minecraft:damage_dealt":772,"minecraft:walk_on_water_one_cm":716,"minecraft:time_since_death":3007,"minecraft:total_world_time":11498,"minecraft:swim_one_cm":8642,"minecraft:interact_with_crafting_table":2,"minecraft:fall_one_cm":3466,"minecraft:fly_one_cm":29773},"minecraft:used":{"minecraft:rotten_flesh":2,"minecraft:dirt":2,"minecraft:acacia_log":1,"minecraft:porkchop":2},"minecraft:killed_by":{"minecraft:skeleton":1,"minecraft:creeper":1}},"DataVersion":3465}