{"stats":{"minecraft:crafted":{"minecraft:wooden_sword":1,"minecraft:crafting_table":2,"minecraft:stone_axe":1,"minecraft:acacia_boat":1,"minecraft:stick":12,"minecraft:stone_pickaxe":1,"minecraft:stone_sword":1,"minecraft:acacia_planks":56},"minecraft:killed":{"minecraft:cave_spider":3,"minecraft:pig":1,"minecraft:salmon":6,"minecraft:spider":4,"minecraft:zombie":3},"minecraft:picked_up":{"minecraft:cooked_beef":1,"minecraft:salmon":12,"minecraft:leather":3,"minecraft:shield":2,"minecraft:string":26,"minecraft:dirt":48,"minecraft:wooden_sword":1,"minecraft:orange_terracotta":1,"minecraft:bone":2,"minecraft:acacia_planks":19,"minecraft:wheat_seeds":1,"minecraft:melon_slice":42,"minecraft:stick":3,"minecraft:cooked_porkchop":1,"minecraft:torch":1,"minecraft:acacia_log":23,"minecraft:porkchop":2,"minecraft:spider_eye":1,"minecraft:leather_helmet":1,"minecraft:arrow":1,"minecraft:rotten_flesh":2,"minecraft:hay_block":22,"minecraft:coal":30,"minecraft:white_wool":2,"minecraft:cobblestone":22},"minecraft:mined":{"minecraft:acacia_leaves":5,"minecraft:orange_terracotta":1,"minecraft:torch":1,"minecraft:acacia_log":20,"minecraft:melon":5,"minecraft:tall_grass":8,"minecraft:wall_torch":1,"minecraft:hay_block":22,"minecraft:grass":50,"minecraft:coal_ore":29,"minecraft:dirt":4,"minecraft:cobweb":13,"minecraft:stone":13},"minecraft:broken":{"minecraft:wooden_sword":1},"minecraft:custom":{"minecraft:mob_kills":17,"minecraft:interact_with_crafting_table":8,"minecraft:time_since_death":4622,"minecraft:sleep_in_bed":2,"minecraft:time_since_rest":2949,"minecraft:sprint_one_cm":82039,"minecraft:damage_taken":1213,"minecraft:walk_one_cm":112654,"minecraft:damage_blocked_by_shield":210,"minecraft:damage_dealt":1825,"minecraft:swim_one_cm":27301,"minecraft:talked_to_villager":2,"minecraft:fly_one_cm":49112,"minecraft:open_chest":1,"minecraft:crouch_one_cm":393,"minecraft:play_time":35498,"minecraft:deaths":4,"minecraft:sneak_time":119,"minecraft:walk_under_water_one_cm":12884,"minecraft:boat_one_cm":153543,"minecraft:jump":383,"minecraft:walk_on_water_one_cm":7921,"minecraft:total_world_time":35498,"minecraft:fall_one_cm":4840},"minecraft:used":{"minecraft:acacia_boat":1,"minecraft:stone_sword":18,"minecraft:acacia_log":1,"minecraft:stone_pickaxe":43,"minecraft:shield":7,"minecraft:rotten_flesh":2,"minecraft:torch":1,"minecraft:dirt":23,"minecraft:crafting_table":2,"minecraft:bread":1,"minecraft:leather_helmet":1,"minecraft:stone_axe":16,"minecraft:wooden_sword":45,"minecraft:porkchop":2,"minecraft:cooked_porkchop":1,"minecraft:cooked_beef":1,"minecraft:orange_terracotta":1},"minecraft:killed_by":{"minecraft:cave_spider":1,"minecraft:skeleton":1,"minecraft:creeper":1,"minecraft:spider":1}},"DataVersion":3465}