{"stats":{"minecraft:mined":{"minecraft:iron_ore":1,"minecraft:birch_log":20,"minecraft:andesite":5,"minecraft:pumpkin":4,"minecraft:clay":15,"minecraft:granite":3,"minecraft:coal_ore":3,"minecraft:grass_block":69,"minecraft:oak_log":36,"minecraft:melon":1,"minecraft:chest":6,"minecraft:gravel":14,"minecraft:copper_ore":11,"minecraft:smooth_basalt":1,"minecraft:stone":37,"minecraft:diorite":4,"minecraft:amethyst_block":1,"minecraft:podzol":16},"minecraft:crafted":{"minecraft:oak_planks":8,"minecraft:wooden_shovel":1,"minecraft:stick":8,"minecraft:wooden_pickaxe":1,"minecraft:stone_pickaxe":2,"minecraft:stone_axe":1},"minecraft:custom":{"minecraft:time_since_rest":2835,"minecraft:sprint_one_cm":79,"minecraft:damage_taken":557,"minecraft:walk_one_cm":30261,"minecraft:drop":9,"minecraft:damage_dealt":167,"minecraft:interact_with_crafting_table":5,"minecraft:fly_one_cm":573,"minecraft:open_chest":19,"minecraft:crouch_one_cm":2046,"minecraft:play_time":17346,"minecraft:deaths":2,"minecraft:sneak_time":2551,"minecraft:jump":7,"minecraft:time_since_death":2805,"minecraft:total_world_time":17346},"minecraft:used":{"minecraft:wooden_axe":59,"minecraft:stone_pickaxe":68,"minecraft:wooden_pickaxe":14,"minecraft:wooden_shovel":81,"minecraft:torch":1,"minecraft:stone_axe":8,"minecraft:dirt":1,"minecraft:oak_sapling":1},"minecraft:picked_up":{"minecraft:wooden_axe":3,"minecraft:birch_log":12,"minecraft:stick":4,"minecraft:smooth_basalt":1,"minecraft:clay_ball":16,"minecraft:andesite":5,"minecraft:torch":1,"minecraft:gravel":12,"minecraft:flint":1,"minecraft:oak_log":22,"minecraft:diorite":4,"minecraft:carrot":1,"minecraft:dirt":43,"minecraft:raw_copper":28,"minecraft:pumpkin_seeds":1,"minecraft:apple":2,"minecraft:granite":3,"minecraft:oak_sapling":1,"minecraft:chest":5,"minecraft:mutton":1,"minecraft:oak_planks":40,"minecraft:coal":3,"minecraft:white_wool":1,"minecraft:cobblestone":29},"minecraft:broken":{"minecraft:wooden_shovel":1},"minecraft:dropped":{"minecraft:dirt":4,"minecraft:oak_log":3,"minecraft:wooden_axe":3,"minecraft:wooden_pickaxe":1}},"DataVersion":3700}