{"stats":{"minecraft:crafted":{"minecraft:oak_planks":8,"minecraft:wooden_shovel":1,"minecraft:crafting_table":1,"minecraft:wooden_pickaxe":1,"minecraft:furnace":1,"minecraft:bone_meal":3,"minecraft:birch_planks":8,"minecraft:stone_axe":3,"minecraft:air":0,"minecraft:iron_axe":1,"minecraft:stick":24,"minecraft:iron_ingot":7,"minecraft:iron_pickaxe":1,"minecraft:stone_pickaxe":3,"minecraft:iron_shovel":1,"minecraft:cooked_rabbit":2},"minecraft:custom":{"minecraft:interact_with_furnace":10,"minecraft:mob_kills":2,"minecraft:interact_with_crafting_table":13,"minecraft:time_since_death":18068,"minecraft:time_since_rest":18140,"minecraft:sprint_one_cm":8719,"minecraft:damage_taken":1380,"minecraft:walk_one_cm":74816,"minecraft:drop":15,"minecraft:damage_dealt":1184,"minecraft:fly_one_cm":5932,"minecraft:player_kills":2,"minecraft:open_chest":40,"minecraft:crouch_one_cm":2631,"minecraft:play_time":41346,"minecraft:deaths":3,"minecraft:sneak_time":2746,"minecraft:jump":69,"minecraft:total_world_time":41346},"minecraft:mined":{"minecraft:gray_terracotta":6,"minecraft:snow_block":2,"minecraft:powder_snow":1,"minecraft:clay":17,"minecraft:granite":29,"minecraft:grass_block":88,"minecraft:calcite":16,"minecraft:melon":1,"minecraft:chest":13,"minecraft:copper_ore":48,"minecraft:diorite":32,"minecraft:amethyst_block":28,"minecraft:white_terracotta":10,"minecraft:birch_log":27,"minecraft:iron_ore":32,"minecraft:blue_ice":1,"minecraft:spruce_log":1,"minecraft:andesite":29,"minecraft:pumpkin":4,"minecraft:oak_log":48,"minecraft:coal_ore":23,"minecraft:gravel":31,"minecraft:dirt":41,"minecraft:packed_ice":2,"minecraft:smooth_basalt":2,"minecraft:stone":96,"minecraft:gold_ore":8,"minecraft:suspicious_gravel":2,"minecraft:podzol":16},"minecraft:used":{"minecraft:iron_shovel":11,"minecraft:stone_pickaxe":262,"minecraft:wooden_pickaxe":23,"minecraft:wooden_shovel":136,"minecraft:torch":1,"minecraft:dirt":5,"minecraft:crafting_table":1,"minecraft:mushroom_stew":6,"minecraft:wooden_axe":59,"minecraft:iron_axe":4,"minecraft:iron_pickaxe":140,"minecraft:stone_axe":52,"minecraft:furnace":1,"minecraft:oak_sapling":1,"minecraft:cooked_rabbit":2},"minecraft:killed":{"minecraft:spider":1,"minecraft:stray":1},"minecraft:picked_up":{"minecraft:wooden_axe":3,"minecraft:birch_log":18,"minecraft:feather":4,"minecraft:clay_ball":36,"minecraft:andesite":25,"minecraft:leather":6,"minecraft:mushroom_stew":5,"minecraft:flint":2,"minecraft:oak_log":32,"minecraft:amethyst_block":25,"minecraft:dirt":94,"minecraft:raw_copper":115,"minecraft:bone":1,"minecraft:apple":2,"minecraft:gray_terracotta":6,"minecraft:raw_gold":3,"minecraft:rabbit_hide":2,"minecraft:calcite":5,"minecraft:rabbit":3,"minecraft:chest":10,"minecraft:oak_planks":40,"minecraft:egg":1,"minecraft:stick":5,"minecraft:raw_iron":23,"minecraft:smooth_basalt":4,"minecraft:torch":1,"minecraft:gravel":28,"minecraft:diorite":26,"minecraft:spruce_log":1,"minecraft:carrot":1,"minecraft:pumpkin_seeds":1,"minecraft:arrow":1,"minecraft:granite":19,"minecraft:white_terracotta":8,"minecraft:oak_sapling":1,"minecraft:mutton":1,"minecraft:snowball":8,"minecraft:coal":20,"minecraft:white_wool":1,"minecraft:cobblestone":67},"minecraft:broken":{"minecraft:stone_pickaxe":2,"minecraft:wooden_shovel":1},"minecraft:dropped":{"minecraft:sweet_berries":2,"minecraft:oak_log":3,"minecraft:raw_iron":6,"minecraft:dirt":4,"minecraft:wooden_axe":3,"minecraft:wooden_shovel":1,"minecraft:bone_meal":3,"minecraft:wooden_pickaxe":2}},"DataVersion":3700}