{"stats":{"minecraft:crafted":{"minecraft:crafting_table":1,"minecraft:stick":8,"minecraft:stone_pickaxe":1,"minecraft:stone_sword":1,"minecraft:acacia_planks":36,"minecraft:stone_axe":1},"minecraft:killed":{"minecraft:cave_spider":3,"minecraft:zombie":3,"minecraft:pig":1,"minecraft:spider":2},"minecraft:picked_up":{"minecraft:cooked_beef":1,"minecraft:cooked_porkchop":1,"minecraft:leather":3,"minecraft:torch":1,"minecraft:acacia_log":18,"minecraft:porkchop":2,"minecraft:spider_eye":1,"minecraft:dirt":48,"minecraft:string":6,"minecraft:orange_terracotta":1,"minecraft:bone":2,"minecraft:arrow":1,"minecraft:rotten_flesh":2,"minecraft:acacia_planks":12,"minecraft:coal":30,"minecraft:white_wool":2,"minecraft:cobblestone":22},"minecraft:mined":{"minecraft:acacia_leaves":4,"minecraft:orange_terracotta":1,"minecraft:torch":1,"minecraft:grass":40,"minecraft:acacia_log":15,"minecraft:coal_ore":29,"minecraft:dirt":4,"minecraft:tall_grass":8,"minecraft:stone":13},"minecraft:custom":{"minecraft:time_since_rest":15037,"minecraft:sprint_one_cm":52309,"minecraft:damage_taken":913,"minecraft:walk_one_cm":85586,"minecraft:mob_kills":9,"minecraft:damage_dealt":1297,"minecraft:swim_one_cm":8642,"minecraft:interact_with_crafting_table":6,"minecraft:fly_one_cm":36645,"minecraft:crouch_one_cm":343,"minecraft:play_time":23498,"minecraft:deaths":2,"minecraft:sneak_time":45,"minecraft:walk_under_water_one_cm":1462,"minecraft:boat_one_cm":108678,"minecraft:jump":305,"minecraft:time_since_death":15007,"minecraft:walk_on_water_one_cm":3403,"minecraft:total_world_time":23498,"minecraft:fall_one_cm":4153},"minecraft:used":{"minecraft:stone_sword":2,"minecraft:acacia_log":1,"minecraft:stone_pickaxe":43,"minecraft:rotten_flesh":2,"minecraft:stone_axe":16,"minecraft:dirt":23,"minecraft:crafting_table":1,"minecraft:cooked_porkchop":1,"minecraft:porkchop":2,"minecraft:cooked_beef":1,"minecraft:orange_terracotta":1},"minecraft:killed_by":{"minecraft:skeleton":1,"minecraft:creeper":1}},"DataVersion":3465}