{"stats":{"minecraft:killed_by":{"minecraft:cave_spider":1,"minecraft:skeleton":1,"minecraft:creeper":1,"minecraft:spider":1},"minecraft:used":{"minecraft:acacia_boat":1,"minecraft:stone_sword":102,"minecraft:iron_shovel":139,"minecraft:acacia_log":1,"minecraft:stone_pickaxe":166,"minecraft:stone_shovel":131,"minecraft:oak_planks":1,"minecraft:chest":2,"minecraft:wooden_pickaxe":20,"minecraft:shield":8,"minecraft:rotten_flesh":2,"minecraft:torch":13,"minecraft:dirt":102,"minecraft:crafting_table":4,"minecraft:acacia_sapling":3,"minecraft:glass":10,"minecraft:acacia_door":3,"minecraft:bread":4,"minecraft:melon_slice":14,"minecraft:acacia_slab":1,"minecraft:leather_helmet":1,"minecraft:stone_axe":16,"minecraft:wooden_sword":45,"minecraft:cobblestone":3,"minecraft:porkchop":2,"minecraft:furnace":2,"minecraft:cooked_porkchop":1,"minecraft:cooked_beef":1,"minecraft:orange_terracotta":1},"minecraft:picked_up":{"minecraft:crafting_table":1,"minecraft:cooked_beef":1,"minecraft:salmon":12,"minecraft:leather":9,"minecraft:flint":1,"minecraft:shield":2,"minecraft:gunpowder":2,"minecraft:dirt":314,"minecraft:string":59,"minecraft:acacia_door":1,"minecraft:wooden_sword":1,"minecraft:orange_terracotta":1,"minecraft:bone":6,"minecraft:acacia_planks":19,"minecraft:wheat_seeds":3,"minecraft:beef":16,"minecraft:melon_slice":42,"minecraft:acacia_sapling":3,"minecraft:oak_planks":1,"minecraft:stick":5,"minecraft:raw_iron":34,"minecraft:cooked_porkchop":1,"minecraft:torch":4,"minecraft:acacia_log":34,"minecraft:gravel":6,"minecraft:porkchop":2,"minecraft:sand":30,"minecraft:spider_eye":1,"minecraft:leather_helmet":1,"minecraft:stone_sword":1,"minecraft:arrow":2,"minecraft:rotten_flesh":7,"minecraft:hay_block":22,"minecraft:acacia_slab":1,"minecraft:melon_seeds":2,"minecraft:coal":56,"minecraft:white_wool":2,"minecraft:rail":2,"minecraft:cobblestone":106},"minecraft:crafted":{"minecraft:wooden_sword":1,"minecraft:stone_shovel":1,"minecraft:crafting_table":3,"minecraft:wooden_pickaxe":1,"minecraft:furnace":2,"minecraft:stone_axe":1,"minecraft:acacia_boat":1,"minecraft:bread":21,"minecraft:air":0,"minecraft:glass":10,"minecraft:stick":24,"minecraft:iron_ingot":21,"minecraft:stone_pickaxe":2,"minecraft:acacia_door":3,"minecraft:stone_sword":2,"minecraft:chest":2,"minecraft:iron_shovel":1,"minecraft:acacia_planks":100,"minecraft:torch":32,"minecraft:shears":1,"minecraft:wheat":198},"minecraft:dropped":{"minecraft:stone_sword":1},"minecraft:broken":{"minecraft:wooden_sword":1,"minecraft:stone_shovel":1},"minecraft:killed":{"minecraft:cave_spider":3,"minecraft:pig":1,"minecraft:salmon":6,"minecraft:spider":4,"minecraft:creeper":1,"minecraft:skeleton":2,"minecraft:zombie":4,"minecraft:cow":7},"minecraft:mined":{"minecraft:acacia_leaves":11,"minecraft:orange_terracotta":1,"minecraft:crafting_table":1,"minecraft:torch":3,"minecraft:acacia_log":30,"minecraft:grass_block":44,"minecraft:melon":5,"minecraft:tall_grass":8,"minecraft:cobblestone":1,"minecraft:acacia_slab":1,"minecraft:oak_planks":1,"minecraft:wall_torch":2,"minecraft:hay_block":22,"minecraft:acacia_sapling":1,"minecraft:iron_ore":34,"minecraft:grass":65,"minecraft:dirt_path":5,"minecraft:coal_ore":55,"minecraft:acacia_door":1,"minecraft:gravel":7,"minecraft:sand":30,"minecraft:dirt":222,"minecraft:cobweb":47,"minecraft:stone":77},"minecraft:custom":{"minecraft:interact_with_furnace":9,"minecraft:mob_kills":29,"minecraft:animals_bred":2,"minecraft:interact_with_crafting_table":22,"minecraft:bell_ring":2,"minecraft:leave_game":4,"minecraft:time_since_death":49917,"minecraft:sleep_in_bed":3,"minecraft:time_since_rest":21504,"minecraft:sprint_one_cm":232989,"minecraft:damage_taken":1384,"minecraft:walk_one_cm":249556,"minecraft:damage_blocked_by_shield":240,"minecraft:drop":1,"minecraft:damage_dealt":3377,"minecraft:swim_one_cm":27629,"minecraft:talked_to_villager":2,"minecraft:fly_one_cm":95524,"minecraft:open_chest":10,"minecraft:crouch_one_cm":3532,"minecraft:play_time":80793,"minecraft:deaths":4,"minecraft:sneak_time":1337,"minecraft:walk_under_water_one_cm":22390,"minecraft:boat_one_cm":153543,"minecraft:jump":784,"minecraft:walk_on_water_one_cm":18363,"minecraft:total_world_time":80793,"minecraft:fall_one_cm":12878}},"DataVersion":3465}