{"stats":{"minecraft:mined":{"minecraft:iron_ore":12,"minecraft:birch_log":23,"minecraft:andesite":13,"minecraft:pumpkin":4,"minecraft:clay":15,"minecraft:granite":18,"minecraft:calcite":5,"minecraft:coal_ore":21,"minecraft:grass_block":70,"minecraft:oak_log":43,"minecraft:melon":1,"minecraft:chest":10,"minecraft:gravel":28,"minecraft:dirt":35,"minecraft:copper_ore":34,"minecraft:smooth_basalt":1,"minecraft:stone":55,"minecraft:diorite":26,"minecraft:amethyst_block":13,"minecraft:podzol":16},"minecraft:crafted":{"minecraft:oak_planks":8,"minecraft:wooden_shovel":1,"minecraft:crafting_table":1,"minecraft:stick":20,"minecraft:iron_ingot":1,"minecraft:wooden_pickaxe":1,"minecraft:stone_pickaxe":3,"minecraft:birch_planks":8,"minecraft:stone_axe":3,"minecraft:cooked_rabbit":2,"minecraft:air":0},"minecraft:custom":{"minecraft:time_since_rest":6140,"minecraft:interact_with_furnace":3,"minecraft:sprint_one_cm":4295,"minecraft:damage_taken":1036,"minecraft:walk_one_cm":56808,"minecraft:drop":10,"minecraft:damage_dealt":609,"minecraft:player_kills":1,"minecraft:interact_with_crafting_table":8,"minecraft:fly_one_cm":4372,"minecraft:open_chest":29,"minecraft:crouch_one_cm":2631,"minecraft:play_time":29346,"minecraft:deaths":3,"minecraft:sneak_time":2727,"minecraft:jump":44,"minecraft:time_since_death":6068,"minecraft:total_world_time":29346},"minecraft:used":{"minecraft:wooden_axe":59,"minecraft:stone_pickaxe":217,"minecraft:wooden_pickaxe":23,"minecraft:wooden_shovel":127,"minecraft:torch":1,"minecraft:stone_axe":32,"minecraft:dirt":5,"minecraft:crafting_table":1,"minecraft:oak_sapling":1,"minecraft:cooked_rabbit":2},"minecraft:picked_up":{"minecraft:wooden_axe":3,"minecraft:birch_log":15,"minecraft:raw_iron":9,"minecraft:stick":5,"minecraft:smooth_basalt":1,"minecraft:clay_ball":16,"minecraft:andesite":13,"minecraft:torch":1,"minecraft:gravel":25,"minecraft:flint":2,"minecraft:oak_log":29,"minecraft:diorite":23,"minecraft:carrot":1,"minecraft:amethyst_block":10,"minecraft:dirt":77,"minecraft:raw_copper":82,"minecraft:pumpkin_seeds":1,"minecraft:apple":2,"minecraft:rabbit_hide":2,"minecraft:granite":14,"minecraft:calcite":2,"minecraft:rabbit":3,"minecraft:oak_sapling":1,"minecraft:chest":7,"minecraft:mutton":1,"minecraft:oak_planks":40,"minecraft:coal":18,"minecraft:white_wool":1,"minecraft:cobblestone":43},"minecraft:broken":{"minecraft:wooden_shovel":1,"minecraft:stone_pickaxe":1},"minecraft:dropped":{"minecraft:dirt":4,"minecraft:oak_log":3,"minecraft:wooden_axe":3,"minecraft:raw_iron":6,"minecraft:wooden_pickaxe":1}},"DataVersion":3700}