{"stats":{"minecraft:mined":{"minecraft:diamond_ore":8,"minecraft:deepslate_diamond_ore":7,"minecraft:torch":4,"minecraft:cobblestone":14,"minecraft:deepslate_gold_ore":6,"minecraft:diorite":11,"minecraft:wall_torch":3,"minecraft:birch_log":2,"minecraft:iron_ore":11,"minecraft:cobbled_deepslate":5,"minecraft:andesite":40,"minecraft:oak_log":5,"minecraft:coal_ore":4,"minecraft:deepslate_iron_ore":9,"minecraft:cobblestone_slab":4,"minecraft:gravel":2,"minecraft:stone":132,"minecraft:gold_ore":5,"minecraft:oak_leaves":1,"minecraft:deepslate":171},"minecraft:custom":{"minecraft:interact_with_furnace":28,"minecraft:mob_kills":20,"minecraft:interact_with_crafting_table":19,"minecraft:leave_game":4,"minecraft:time_since_death":9140,"minecraft:damage_resisted":4,"minecraft:time_since_rest":9197,"minecraft:sprint_one_cm":101028,"minecraft:damage_absorbed":16,"minecraft:damage_taken":1362,"minecraft:walk_one_cm":265625,"minecraft:drop":48,"minecraft:damage_dealt":3527,"minecraft:player_kills":4,"minecraft:swim_one_cm":29444,"minecraft:fly_one_cm":161261,"minecraft:open_chest":16,"minecraft:play_time":81275,"minecraft:crouch_one_cm":30851,"minecraft:sneak_time":12002,"minecraft:deaths":3,"minecraft:walk_under_water_one_cm":10827,"minecraft:jump":906,"minecraft:walk_on_water_one_cm":15603,"minecraft:total_world_time":81275,"minecraft:fall_one_cm":11579},"minecraft:used":{"minecraft:water_bucket":3,"minecraft:diamond_boots":1,"minecraft:baked_potato":4,"minecraft:stone_pickaxe":110,"minecraft:oak_planks":4,"minecraft:chest":2,"minecraft:wooden_pickaxe":6,"minecraft:iron_sword":54,"minecraft:cobblestone_slab":9,"minecraft:rotten_flesh":8,"minecraft:iron_chestplate":1,"minecraft:torch":27,"minecraft:crafting_table":3,"minecraft:cod":5,"minecraft:diamond_pickaxe":110,"minecraft:lava_bucket":14,"minecraft:bread":2,"minecraft:iron_pickaxe":206,"minecraft:golden_helmet":1,"minecraft:stone_axe":3,"minecraft:wooden_sword":9,"minecraft:cobblestone":68,"minecraft:beef":1,"minecraft:furnace":3,"minecraft:bucket":16,"minecraft:cooked_beef":2,"minecraft:cobbled_deepslate":43,"minecraft:enchanted_golden_apple":1,"minecraft:iron_leggings":1},"minecraft:killed":{"minecraft:cod":5,"minecraft:skeleton":2,"minecraft:zombie":13},"minecraft:picked_up":{"minecraft:wheat":4,"minecraft:birch_log":2,"minecraft:crafting_table":1,"minecraft:iron_chestplate":3,"minecraft:feather":5,"minecraft:cooked_beef":3,"minecraft:andesite":42,"minecraft:leather":2,"minecraft:wooden_pickaxe":7,"minecraft:enchanted_book":2,"minecraft:flint":3,"minecraft:tuff":54,"minecraft:oak_log":5,"minecraft:shield":6,"minecraft:gunpowder":8,"minecraft:string":12,"minecraft:dirt":15,"minecraft:wooden_sword":4,"minecraft:iron_leggings":3,"minecraft:bone":52,"minecraft:bow":2,"minecraft:wheat_seeds":1,"minecraft:cobbled_deepslate":497,"minecraft:raw_gold":29,"minecraft:bucket":4,"minecraft:iron_ingot":1,"minecraft:beef":1,"minecraft:stone_pickaxe":5,"minecraft:rose_bush":6,"minecraft:cobblestone_slab":3,"minecraft:iron_pickaxe":7,"minecraft:enchanted_golden_apple":1,"minecraft:birch_sapling":1,"minecraft:chest":2,"minecraft:iron_sword":7,"minecraft:oak_planks":15,"minecraft:furnace":2,"minecraft:golden_helmet":2,"minecraft:stick":20,"minecraft:raw_iron":23,"minecraft:torch":27,"minecraft:lava_bucket":1,"minecraft:gravel":5,"minecraft:diorite":60,"minecraft:redstone":73,"minecraft:arrow":2,"minecraft:mossy_cobblestone":2,"minecraft:stone_sword":2,"minecraft:rotten_flesh":8,"minecraft:diamond":25,"minecraft:stone_axe":4,"minecraft:diamond_boots":2,"minecraft:diamond_axe":1,"minecraft:bone_meal":4,"minecraft:baked_potato":12,"minecraft:gold_ingot":6,"minecraft:saddle":2,"minecraft:oak_sapling":4,"minecraft:cod":5,"minecraft:coal":3,"minecraft:cobblestone":446,"minecraft:diamond_pickaxe":5},"minecraft:crafted":{"minecraft:wooden_sword":1,"minecraft:oak_planks":20,"minecraft:cobblestone_slab":6,"minecraft:diamond_axe":1,"minecraft:crafting_table":2,"minecraft:iron_sword":1,"minecraft:furnace":3,"minecraft:birch_planks":8,"minecraft:air":0,"minecraft:iron_chestplate":1,"minecraft:diamond_pickaxe":2,"minecraft:stick":8,"minecraft:iron_ingot":22,"minecraft:stone_pickaxe":1,"minecraft:iron_pickaxe":2,"minecraft:diamond_boots":1,"minecraft:iron_leggings":1,"minecraft:gold_ingot":5,"minecraft:golden_helmet":1},"minecraft:killed_by":{"minecraft:player":1},"minecraft:dropped":{"minecraft:gravel":2,"minecraft:iron_sword":2,"minecraft:stone_axe":1,"minecraft:wheat_seeds":1,"minecraft:cooked_beef":1,"minecraft:stone_sword":1,"minecraft:mossy_cobblestone":1,"minecraft:tuff":27,"minecraft:rotten_flesh":2,"minecraft:cobblestone":64,"minecraft:feather":2,"minecraft:oak_planks":21,"minecraft:leather":1,"minecraft:stick":1,"minecraft:shield":2,"minecraft:diamond_pickaxe":2,"minecraft:wooden_sword":2,"minecraft:bone_meal":2,"minecraft:wooden_pickaxe":2,"minecraft:iron_pickaxe":4,"minecraft:bucket":3,"minecraft:bone":16}},"DataVersion":3465}