{"stats":{"minecraft:mined":{"minecraft:dark_oak_log":3,"minecraft:granite":53,"minecraft:budding_amethyst":3,"minecraft:grass_block":120,"minecraft:birch_slab":1,"minecraft:raw_iron_block":1,"minecraft:raw_gold_block":6,"minecraft:iron_ore":46,"minecraft:andesite":43,"minecraft:pumpkin":5,"minecraft:packed_ice":17,"minecraft:stone":151,"minecraft:podzol":17,"minecraft:gray_terracotta":6,"minecraft:snow_block":48,"minecraft:powder_snow":12,"minecraft:clay":18,"minecraft:calcite":43,"minecraft:melon":2,"minecraft:chest":20,"minecraft:copper_ore":67,"minecraft:diorite":59,"minecraft:amethyst_block":40,"minecraft:white_terracotta":20,"minecraft:blue_terracotta":2,"minecraft:birch_log":28,"minecraft:blue_ice":10,"minecraft:spruce_log":15,"minecraft:coal_ore":24,"minecraft:oak_log":55,"minecraft:dirt":48,"minecraft:gravel":56,"minecraft:dripstone_block":5,"minecraft:smooth_basalt":5,"minecraft:terracotta":16,"minecraft:raw_copper_block":3,"minecraft:gold_ore":11,"minecraft:suspicious_gravel":22},"minecraft:custom":{"minecraft:mob_kills":9,"minecraft:interact_with_crafting_table":27,"minecraft:leave_game":1,"minecraft:time_since_death":3674,"minecraft:sprint_one_cm":25397,"minecraft:walk_one_cm":147455,"minecraft:drop":43,"minecraft:play_time":71059,"minecraft:deaths":7,"minecraft:sneak_time":3245,"minecraft:jump":111,"minecraft:walk_on_water_one_cm":604,"minecraft:total_world_time":71059,"minecraft:interact_with_furnace":18,"minecraft:time_since_rest":3710,"minecraft:damage_taken":2970,"minecraft:damage_dealt":2877,"minecraft:fly_one_cm":8795,"minecraft:player_kills":2,"minecraft:open_chest":89,"minecraft:crouch_one_cm":3082},"minecraft:crafted":{"minecraft:oak_planks":12,"minecraft:raw_iron":9,"minecraft:furnace":1,"minecraft:bone_meal":3,"minecraft:iron_axe":2,"minecraft:stone_pickaxe":3,"minecraft:cooked_rabbit":2,"minecraft:oak_slab":84,"minecraft:wooden_shovel":1,"minecraft:crafting_table":1,"minecraft:wooden_pickaxe":1,"minecraft:golden_shovel":1,"minecraft:birch_planks":16,"minecraft:stone_axe":3,"minecraft:air":0,"minecraft:raw_gold":45,"minecraft:stick":40,"minecraft:iron_pickaxe":3,"minecraft:iron_ingot":22,"minecraft:iron_shovel":2},"minecraft:used":{"minecraft:iron_shovel":88,"minecraft:chest":3,"minecraft:wooden_shovel":136,"minecraft:torch":4,"minecraft:dirt":5,"minecraft:golden_shovel":32,"minecraft:wooden_axe":59,"minecraft:iron_axe":82,"minecraft:oak_sapling":1,"minecraft:furnace":2,"minecraft:stone_pickaxe":266,"minecraft:wooden_pickaxe":23,"minecraft:crafting_table":3,"minecraft:oak_slab":6,"minecraft:mushroom_stew":12,"minecraft:melon_slice":1,"minecraft:iron_pickaxe":442,"minecraft:stone_axe":52,"minecraft:wooden_sword":17,"minecraft:cooked_rabbit":2},"minecraft:killed":{"minecraft:spider":1,"minecraft:polar_bear":1,"minecraft:zombie":1,"minecraft:stray":6},"minecraft:picked_up":{"minecraft:wooden_axe":3,"minecraft:crafting_table":1,"minecraft:clay_ball":48,"minecraft:wooden_pickaxe":4,"minecraft:golden_shovel":1,"minecraft:amethyst_block":34,"minecraft:raw_copper":170,"minecraft:iron_axe":1,"minecraft:wooden_sword":1,"minecraft:iron_shovel":1,"minecraft:calcite":30,"minecraft:wooden_shovel":2,"minecraft:iron_pickaxe":1,"minecraft:melon_slice":4,"minecraft:chest":16,"minecraft:raw_copper_block":3,"minecraft:egg":1,"minecraft:tipped_arrow":3,"minecraft:stick":14,"minecraft:raw_iron":33,"minecraft:raw_gold_block":5,"minecraft:oak_fence":1,"minecraft:copper_ingot":2,"minecraft:torch":1,"minecraft:bowl":1,"minecraft:diorite":51,"minecraft:carrot":1,"minecraft:howl_pottery_sherd":9,"minecraft:arrow":8,"minecraft:white_terracotta":24,"minecraft:mutton":1,"minecraft:snowball":232,"minecraft:white_wool":1,"minecraft:cobblestone":124,"minecraft:birch_log":20,"minecraft:feather":4,"minecraft:birch_slab":1,"minecraft:andesite":45,"minecraft:leather":6,"minecraft:mushroom_stew":6,"minecraft:flint":3,"minecraft:oak_log":36,"minecraft:dirt":140,"minecraft:bone":3,"minecraft:apple":2,"minecraft:gray_terracotta":6,"minecraft:raw_gold":6,"minecraft:rabbit_hide":5,"minecraft:stone_pickaxe":3,"minecraft:rabbit":3,"minecraft:oak_planks":126,"minecraft:oak_slab":4,"minecraft:smooth_basalt":9,"minecraft:pumpkin":1,"minecraft:raw_iron_block":1,"minecraft:dripstone_block":9,"minecraft:gravel":67,"minecraft:spruce_sapling":2,"minecraft:spruce_log":23,"minecraft:dark_oak_log":3,"minecraft:pumpkin_seeds":1,"minecraft:blue_terracotta":2,"minecraft:stone_axe":1,"minecraft:granite":35,"minecraft:terracotta":12,"minecraft:oak_sapling":1,"minecraft:coal":21},"minecraft:killed_by":{"minecraft:stray":1,"minecraft:zombie":2},"minecraft:broken":{"minecraft:wooden_shovel":1,"minecraft:golden_shovel":1,"minecraft:stone_pickaxe":2,"minecraft:iron_pickaxe":1},"minecraft:dropped":{"minecraft:oak_slab":87,"minecraft:oak_log":3,"minecraft:dirt":7,"minecraft:diorite":7,"minecraft:wooden_axe":3,"minecraft:bone_meal":3,"minecraft:iron_shovel":1,"minecraft:bone":2,"minecraft:sweet_berries":2,"minecraft:bowl":2,"minecraft:raw_iron":6,"minecraft:oak_planks":43,"minecraft:golden_shovel":1,"minecraft:white_terracotta":4,"minecraft:rabbit_hide":1,"minecraft:tipped_arrow":1,"minecraft:andesite":10,"minecraft:wooden_shovel":2,"minecraft:spruce_log":4,"minecraft:stone_pickaxe":1,"minecraft:wooden_pickaxe":5}},"DataVersion":3700}