{"stats":{"minecraft:killed_by":{"minecraft:cave_spider":1,"minecraft:skeleton":1,"minecraft:creeper":1,"minecraft:spider":1},"minecraft:picked_up":{"minecraft:wheat":137,"minecraft:crafting_table":1,"minecraft:cooked_beef":1,"minecraft:salmon":12,"minecraft:leather":9,"minecraft:smoker":1,"minecraft:flint":1,"minecraft:shield":2,"minecraft:gunpowder":2,"minecraft:dirt":363,"minecraft:string":61,"minecraft:acacia_door":1,"minecraft:wooden_sword":1,"minecraft:orange_terracotta":1,"minecraft:bone":6,"minecraft:acacia_planks":24,"minecraft:wheat_seeds":436,"minecraft:beef":19,"minecraft:sugar_cane":18,"minecraft:melon_slice":42,"minecraft:acacia_sapling":26,"minecraft:oak_planks":1,"minecraft:stick":21,"minecraft:raw_iron":34,"minecraft:cooked_porkchop":1,"minecraft:torch":4,"minecraft:acacia_log":111,"minecraft:gravel":6,"minecraft:porkchop":2,"minecraft:sand":30,"minecraft:acacia_stairs":5,"minecraft:cauldron":4,"minecraft:spider_eye":1,"minecraft:leather_helmet":1,"minecraft:stone_sword":1,"minecraft:arrow":2,"minecraft:rotten_flesh":7,"minecraft:hay_block":22,"minecraft:bread":7,"minecraft:acacia_slab":1,"minecraft:melon_seeds":2,"minecraft:coal":56,"minecraft:white_wool":2,"minecraft:rail":2,"minecraft:cobblestone":106},"minecraft:used":{"minecraft:wheat_seeds":190,"minecraft:acacia_boat":1,"minecraft:water_bucket":5,"minecraft:stone_sword":108,"minecraft:iron_shovel":177,"minecraft:acacia_log":22,"minecraft:stone_pickaxe":171,"minecraft:stone_shovel":131,"minecraft:oak_planks":1,"minecraft:chest":2,"minecraft:wooden_pickaxe":22,"minecraft:shield":8,"minecraft:sugar_cane":18,"minecraft:rotten_flesh":2,"minecraft:torch":15,"minecraft:dirt":107,"minecraft:crafting_table":4,"minecraft:acacia_sapling":10,"minecraft:glass":21,"minecraft:acacia_stairs":51,"minecraft:acacia_door":5,"minecraft:iron_axe":82,"minecraft:bread":7,"minecraft:melon_slice":20,"minecraft:acacia_slab":1,"minecraft:leather_helmet":1,"minecraft:stone_axe":16,"minecraft:wooden_sword":45,"minecraft:cobblestone":40,"minecraft:porkchop":2,"minecraft:furnace":2,"minecraft:cooked_porkchop":1,"minecraft:bucket":5,"minecraft:cooked_beef":2,"minecraft:acacia_planks":43,"minecraft:orange_terracotta":1},"minecraft:crafted":{"minecraft:cooked_beef":16,"minecraft:wooden_sword":1,"minecraft:stone_shovel":1,"minecraft:crafting_table":3,"minecraft:wooden_pickaxe":1,"minecraft:furnace":2,"minecraft:bucket":1,"minecraft:acacia_stairs":56,"minecraft:stone_axe":1,"minecraft:acacia_boat":1,"minecraft:bread":21,"minecraft:air":0,"minecraft:glass":21,"minecraft:iron_axe":1,"minecraft:stick":28,"minecraft:iron_ingot":21,"minecraft:stone_pickaxe":2,"minecraft:acacia_door":6,"minecraft:stone_sword":2,"minecraft:chest":2,"minecraft:iron_shovel":1,"minecraft:acacia_planks":252,"minecraft:torch":32,"minecraft:shears":1,"minecraft:wheat":198},"minecraft:dropped":{"minecraft:bread":28,"minecraft:wheat_seeds":238,"minecraft:stone_sword":1,"minecraft:smoker":1,"minecraft:cauldron":4},"minecraft:broken":{"minecraft:wooden_sword":1,"minecraft:stone_shovel":1},"minecraft:killed":{"minecraft:cave_spider":3,"minecraft:pig":1,"minecraft:salmon":6,"minecraft:spider":5,"minecraft:creeper":1,"minecraft:skeleton":2,"minecraft:zombie":4,"minecraft:cow":8},"minecraft:mined":{"minecraft:acacia_leaves":11,"minecraft:smoker":1,"minecraft:orange_terracotta":1,"minecraft:crafting_table":1,"minecraft:torch":3,"minecraft:acacia_log":37,"minecraft:grass_block":47,"minecraft:melon":5,"minecraft:glass":1,"minecraft:tall_grass":9,"minecraft:cobblestone":1,"minecraft:acacia_slab":1,"minecraft:sugar_cane":7,"minecraft:oak_planks":1,"minecraft:wall_torch":2,"minecraft:hay_block":22,"minecraft:acacia_sapling":2,"minecraft:wheat":149,"minecraft:iron_ore":34,"minecraft:acacia_stairs":5,"treechop:chopped_log":8,"minecraft:grass":75,"minecraft:water_cauldron":4,"minecraft:dirt_path":5,"minecraft:coal_ore":55,"minecraft:acacia_door":1,"minecraft:gravel":7,"minecraft:sand":30,"minecraft:dirt":268,"minecraft:cobweb":47,"minecraft:acacia_planks":5,"minecraft:stone":77},"minecraft:custom":{"minecraft:interact_with_furnace":13,"minecraft:mob_kills":31,"minecraft:animals_bred":6,"minecraft:interact_with_crafting_table":29,"minecraft:bell_ring":2,"minecraft:leave_game":5,"minecraft:time_since_death":92339,"minecraft:sleep_in_bed":4,"minecraft:time_since_rest":9532,"minecraft:sprint_one_cm":329262,"minecraft:damage_taken":1560,"minecraft:walk_one_cm":405695,"minecraft:damage_blocked_by_shield":240,"minecraft:drop":210,"minecraft:damage_dealt":3673,"minecraft:swim_one_cm":27629,"minecraft:talked_to_villager":3,"minecraft:fly_one_cm":143341,"minecraft:open_chest":16,"minecraft:crouch_one_cm":4149,"minecraft:play_time":123215,"minecraft:deaths":4,"minecraft:sneak_time":1842,"minecraft:walk_under_water_one_cm":22390,"minecraft:boat_one_cm":153543,"minecraft:jump":1061,"minecraft:walk_on_water_one_cm":20681,"minecraft:total_world_time":123215,"minecraft:fall_one_cm":19667}},"DataVersion":3465}