{"stats":{"minecraft:crafted":{"minecraft:wooden_sword":1,"minecraft:crafting_table":3,"minecraft:wooden_pickaxe":1,"minecraft:stone_axe":1,"minecraft:acacia_boat":1,"minecraft:stick":20,"minecraft:stone_pickaxe":2,"minecraft:stone_sword":2,"minecraft:acacia_planks":64,"minecraft:torch":32},"minecraft:killed":{"minecraft:cave_spider":3,"minecraft:pig":1,"minecraft:salmon":6,"minecraft:spider":4,"minecraft:creeper":1,"minecraft:zombie":4},"minecraft:picked_up":{"minecraft:crafting_table":1,"minecraft:cooked_beef":1,"minecraft:salmon":12,"minecraft:leather":3,"minecraft:shield":2,"minecraft:gunpowder":2,"minecraft:string":59,"minecraft:dirt":49,"minecraft:wooden_sword":1,"minecraft:orange_terracotta":1,"minecraft:bone":2,"minecraft:acacia_planks":19,"minecraft:wheat_seeds":1,"minecraft:melon_slice":42,"minecraft:oak_planks":1,"minecraft:acacia_sapling":2,"minecraft:stick":5,"minecraft:raw_iron":21,"minecraft:cooked_porkchop":1,"minecraft:torch":4,"minecraft:acacia_log":33,"minecraft:porkchop":2,"minecraft:spider_eye":1,"minecraft:leather_helmet":1,"minecraft:stone_sword":1,"minecraft:arrow":1,"minecraft:rotten_flesh":3,"minecraft:hay_block":22,"minecraft:melon_seeds":2,"minecraft:coal":56,"minecraft:rail":1,"minecraft:white_wool":2,"minecraft:cobblestone":30},"minecraft:mined":{"minecraft:acacia_leaves":11,"minecraft:orange_terracotta":1,"minecraft:crafting_table":1,"minecraft:torch":3,"minecraft:acacia_log":30,"minecraft:melon":5,"minecraft:tall_grass":8,"minecraft:oak_planks":1,"minecraft:wall_torch":2,"minecraft:hay_block":22,"minecraft:acacia_sapling":1,"minecraft:iron_ore":21,"minecraft:grass":50,"minecraft:coal_ore":55,"minecraft:dirt":5,"minecraft:cobweb":47,"minecraft:stone":21},"minecraft:broken":{"minecraft:wooden_sword":1},"minecraft:custom":{"minecraft:mob_kills":20,"minecraft:interact_with_crafting_table":11,"minecraft:leave_game":1,"minecraft:time_since_death":17215,"minecraft:sleep_in_bed":2,"minecraft:time_since_rest":15542,"minecraft:sprint_one_cm":108842,"minecraft:damage_taken":1223,"minecraft:walk_one_cm":153063,"minecraft:damage_blocked_by_shield":210,"minecraft:drop":1,"minecraft:damage_dealt":2358,"minecraft:swim_one_cm":27301,"minecraft:talked_to_villager":2,"minecraft:fly_one_cm":66501,"minecraft:open_chest":1,"minecraft:crouch_one_cm":838,"minecraft:play_time":48091,"minecraft:deaths":4,"minecraft:sneak_time":372,"minecraft:walk_under_water_one_cm":16281,"minecraft:boat_one_cm":153543,"minecraft:jump":555,"minecraft:walk_on_water_one_cm":12716,"minecraft:total_world_time":48091,"minecraft:fall_one_cm":8161},"minecraft:used":{"minecraft:acacia_boat":1,"minecraft:stone_sword":65,"minecraft:acacia_log":1,"minecraft:stone_pickaxe":95,"minecraft:oak_planks":1,"minecraft:wooden_pickaxe":20,"minecraft:shield":7,"minecraft:rotten_flesh":2,"minecraft:torch":12,"minecraft:dirt":23,"minecraft:crafting_table":4,"minecraft:acacia_sapling":2,"minecraft:bread":2,"minecraft:leather_helmet":1,"minecraft:stone_axe":16,"minecraft:wooden_sword":45,"minecraft:cobblestone":2,"minecraft:porkchop":2,"minecraft:cooked_porkchop":1,"minecraft:cooked_beef":1,"minecraft:orange_terracotta":1},"minecraft:dropped":{"minecraft:stone_sword":1},"minecraft:killed_by":{"minecraft:cave_spider":1,"minecraft:skeleton":1,"minecraft:creeper":1,"minecraft:spider":1}},"DataVersion":3465}