{"stats":{"minecraft:mined":{"minecraft:diamond_ore":8,"minecraft:deepslate_diamond_ore":7,"minecraft:torch":4,"minecraft:cobblestone":14,"minecraft:deepslate_gold_ore":6,"minecraft:diorite":11,"minecraft:wall_torch":3,"minecraft:birch_log":2,"minecraft:iron_ore":11,"minecraft:cobbled_deepslate":5,"minecraft:andesite":40,"minecraft:oak_log":5,"minecraft:coal_ore":4,"minecraft:deepslate_iron_ore":9,"minecraft:cobblestone_slab":4,"minecraft:gravel":2,"minecraft:stone":132,"minecraft:gold_ore":5,"minecraft:oak_leaves":1,"minecraft:deepslate":170},"minecraft:custom":{"minecraft:interact_with_furnace":28,"minecraft:mob_kills":19,"minecraft:interact_with_crafting_table":18,"minecraft:leave_game":4,"minecraft:time_since_death":1129,"minecraft:damage_resisted":4,"minecraft:time_since_rest":1167,"minecraft:sprint_one_cm":81684,"minecraft:damage_absorbed":16,"minecraft:damage_taken":948,"minecraft:walk_one_cm":218400,"minecraft:drop":42,"minecraft:damage_dealt":3228,"minecraft:player_kills":3,"minecraft:swim_one_cm":14095,"minecraft:fly_one_cm":57163,"minecraft:open_chest":10,"minecraft:play_time":69275,"minecraft:crouch_one_cm":29659,"minecraft:sneak_time":11687,"minecraft:deaths":2,"minecraft:walk_under_water_one_cm":4807,"minecraft:jump":749,"minecraft:walk_on_water_one_cm":12220,"minecraft:total_world_time":69275,"minecraft:fall_one_cm":9043},"minecraft:used":{"minecraft:water_bucket":3,"minecraft:diamond_boots":1,"minecraft:stone_pickaxe":110,"minecraft:chest":2,"minecraft:wooden_pickaxe":6,"minecraft:iron_sword":50,"minecraft:cobblestone_slab":9,"minecraft:rotten_flesh":8,"minecraft:iron_chestplate":1,"minecraft:torch":27,"minecraft:crafting_table":2,"minecraft:cod":5,"minecraft:diamond_pickaxe":108,"minecraft:lava_bucket":14,"minecraft:bread":2,"minecraft:iron_pickaxe":206,"minecraft:golden_helmet":1,"minecraft:stone_axe":3,"minecraft:wooden_sword":9,"minecraft:cobblestone":68,"minecraft:beef":1,"minecraft:furnace":3,"minecraft:bucket":16,"minecraft:cooked_beef":2,"minecraft:cobbled_deepslate":33,"minecraft:enchanted_golden_apple":1,"minecraft:iron_leggings":1},"minecraft:killed":{"minecraft:cod":5,"minecraft:skeleton":2,"minecraft:zombie":12},"minecraft:picked_up":{"minecraft:wheat":2,"minecraft:birch_log":2,"minecraft:crafting_table":1,"minecraft:iron_chestplate":2,"minecraft:feather":4,"minecraft:cooked_beef":3,"minecraft:andesite":42,"minecraft:leather":2,"minecraft:wooden_pickaxe":5,"minecraft:enchanted_book":1,"minecraft:flint":3,"minecraft:tuff":54,"minecraft:oak_log":5,"minecraft:shield":3,"minecraft:gunpowder":4,"minecraft:string":6,"minecraft:dirt":15,"minecraft:wooden_sword":4,"minecraft:iron_leggings":2,"minecraft:bone":18,"minecraft:bow":1,"minecraft:cobbled_deepslate":386,"minecraft:raw_gold":22,"minecraft:bucket":3,"minecraft:iron_ingot":1,"minecraft:beef":1,"minecraft:stone_pickaxe":3,"minecraft:rose_bush":4,"minecraft:cobblestone_slab":3,"minecraft:iron_pickaxe":4,"minecraft:enchanted_golden_apple":1,"minecraft:chest":2,"minecraft:iron_sword":3,"minecraft:oak_planks":15,"minecraft:furnace":1,"minecraft:golden_helmet":1,"minecraft:stick":16,"minecraft:raw_iron":21,"minecraft:torch":27,"minecraft:lava_bucket":1,"minecraft:gravel":4,"minecraft:diorite":40,"minecraft:redstone":48,"minecraft:arrow":1,"minecraft:mossy_cobblestone":2,"minecraft:stone_sword":2,"minecraft:rotten_flesh":8,"minecraft:diamond":22,"minecraft:stone_axe":3,"minecraft:diamond_boots":1,"minecraft:bone_meal":4,"minecraft:saddle":1,"minecraft:oak_sapling":2,"minecraft:cod":5,"minecraft:coal":3,"minecraft:cobblestone":382,"minecraft:diamond_pickaxe":2},"minecraft:crafted":{"minecraft:wooden_sword":1,"minecraft:oak_planks":20,"minecraft:cobblestone_slab":6,"minecraft:crafting_table":2,"minecraft:iron_sword":1,"minecraft:furnace":3,"minecraft:birch_planks":8,"minecraft:air":0,"minecraft:iron_chestplate":1,"minecraft:diamond_pickaxe":2,"minecraft:stick":8,"minecraft:iron_ingot":22,"minecraft:stone_pickaxe":1,"minecraft:iron_pickaxe":2,"minecraft:diamond_boots":1,"minecraft:iron_leggings":1,"minecraft:gold_ingot":5,"minecraft:golden_helmet":1},"minecraft:killed_by":{"minecraft:player":1},"minecraft:dropped":{"minecraft:gravel":2,"minecraft:iron_sword":1,"minecraft:stone_axe":1,"minecraft:cooked_beef":1,"minecraft:stone_sword":1,"minecraft:mossy_cobblestone":1,"minecraft:tuff":27,"minecraft:rotten_flesh":2,"minecraft:cobblestone":64,"minecraft:feather":2,"minecraft:oak_planks":21,"minecraft:leather":1,"minecraft:shield":1,"minecraft:diamond_pickaxe":1,"minecraft:wooden_sword":2,"minecraft:bone_meal":2,"minecraft:wooden_pickaxe":2,"minecraft:iron_pickaxe":3,"minecraft:bucket":3,"minecraft:bone":16}},"DataVersion":3465}