{"stats":{"minecraft:killed_by":{"minecraft:warden":1},"minecraft:picked_up":{"minecraft:wheat":9,"minecraft:water_bucket":5,"minecraft:oak_log":5,"minecraft:wooden_hoe":6,"minecraft:dirt":22,"minecraft:bone":4,"minecraft:acacia_planks":258,"minecraft:wheat_seeds":103,"minecraft:netherite_sword":1,"minecraft:iron_ingot":10,"minecraft:red_dye":2,"minecraft:poppy":6,"minecraft:enchanted_golden_apple":2,"minecraft:acacia_sapling":57,"minecraft:stone_hoe":5,"minecraft:stick":56,"minecraft:acacia_log":28,"minecraft:warden_spawn_egg":1,"minecraft:leather_helmet":8,"minecraft:stone_sword":5,"minecraft:arrow":12,"minecraft:rotten_flesh":2,"minecraft:stone_axe":5,"minecraft:shears":4,"minecraft:hay_block":8,"minecraft:bone_meal":5,"minecraft:bread":84,"minecraft:oak_sapling":6,"minecraft:melon_seeds":12,"minecraft:mutton":2,"minecraft:cobblestone":10,"minecraft:white_wool":12},"minecraft:used":{"minecraft:wheat_seeds":8,"minecraft:cooked_mutton":2,"minecraft:water_bucket":5,"minecraft:netherite_sword":10,"minecraft:stone_sword":32,"minecraft:acacia_log":3,"minecraft:wither_skeleton_skull":4,"minecraft:oak_planks":38,"minecraft:rotten_flesh":2,"minecraft:white_wool":2,"minecraft:bee_spawn_egg":67,"minecraft:soul_sand":4,"minecraft:dirt":14,"minecraft:crafting_table":1,"minecraft:warden_spawn_egg":1,"minecraft:wooden_hoe":20,"minecraft:bread":14,"minecraft:leather_helmet":3,"minecraft:stone_axe":47,"minecraft:cobblestone":5,"minecraft:oak_sapling":1,"minecraft:bucket":6,"minecraft:acacia_planks":38,"minecraft:enchanted_golden_apple":2,"minecraft:bone_meal":16},"minecraft:crafted":{"minecraft:red_dye":2,"minecraft:oak_planks":8,"minecraft:crafting_table":1,"minecraft:leather_helmet":2,"minecraft:bone_meal":12,"minecraft:bucket":1,"minecraft:stone_axe":1,"minecraft:bread":24,"minecraft:cooked_mutton":2,"minecraft:air":0,"minecraft:white_dye":1,"minecraft:stick":16,"minecraft:acacia_planks":100,"minecraft:shears":1,"minecraft:wheat":72},"minecraft:dropped":{"minecraft:iron_ingot":7},"minecraft:killed":{"minecraft:iron_golem":1,"minecraft:sheep":1,"minecraft:skeleton":2,"minecraft:zombie":5},"minecraft:mined":{"minecraft:melon_stem":1,"minecraft:acacia_log":4,"minecraft:grass_block":2,"minecraft:hay_block":8,"minecraft:wheat":10,"treechop:chopped_log":4,"minecraft:grass":89,"minecraft:dirt":4,"minecraft:acacia_planks":4},"minecraft:custom":{"minecraft:interact_with_furnace":3,"minecraft:mob_kills":10,"minecraft:interact_with_crafting_table":8,"minecraft:leave_game":2,"minecraft:time_since_death":1206,"minecraft:sleep_in_bed":1,"minecraft:climb_one_cm":1849,"minecraft:damage_resisted":134,"minecraft:time_since_rest":1277,"minecraft:sprint_one_cm":107577,"minecraft:walk_one_cm":144042,"minecraft:damage_taken":8417,"minecraft:damage_absorbed":161,"minecraft:drop":7,"minecraft:damage_dealt":3625,"minecraft:swim_one_cm":2096,"minecraft:talked_to_villager":3,"minecraft:fly_one_cm":105807,"minecraft:open_chest":14,"minecraft:crouch_one_cm":9870,"minecraft:play_time":46509,"minecraft:deaths":6,"minecraft:sneak_time":2503,"minecraft:walk_under_water_one_cm":179,"minecraft:jump":694,"minecraft:walk_on_water_one_cm":4156,"minecraft:interact_with_smoker":4,"minecraft:total_world_time":46509,"minecraft:fall_one_cm":91967}},"DataVersion":3465}