{"stats":{"minecraft:crafted":{"minecraft:oak_planks":44,"minecraft:spruce_planks":804,"minecraft:wooden_pickaxe":1,"minecraft:bowl":4,"minecraft:birch_slab":132,"minecraft:bone_meal":12,"minecraft:bucket":1,"minecraft:birch_planks":56,"minecraft:stone_axe":2,"minecraft:air":0,"minecraft:hopper":5,"minecraft:wooden_hoe":1,"minecraft:charcoal":3,"minecraft:spruce_slab":126,"minecraft:stick":8,"minecraft:iron_ingot":3,"minecraft:stone_pickaxe":1,"minecraft:wooden_axe":1,"minecraft:chest":9,"minecraft:torch":8},"minecraft:custom":{"minecraft:interact_with_furnace":13,"minecraft:mob_kills":6,"minecraft:interact_with_crafting_table":17,"minecraft:damage_dealt_resisted":11,"minecraft:time_since_death":3539,"minecraft:damage_resisted":8,"minecraft:time_since_rest":3570,"minecraft:sprint_one_cm":116613,"minecraft:damage_taken":2772,"minecraft:walk_one_cm":222792,"minecraft:drop":28,"minecraft:damage_dealt":1111,"minecraft:swim_one_cm":6435,"minecraft:player_kills":2,"minecraft:fly_one_cm":71269,"minecraft:open_chest":128,"minecraft:crouch_one_cm":56691,"minecraft:play_time":69556,"minecraft:deaths":11,"minecraft:sneak_time":16581,"minecraft:walk_under_water_one_cm":10114,"minecraft:jump":588,"minecraft:walk_on_water_one_cm":6973,"minecraft:total_world_time":69556,"minecraft:fall_one_cm":3716},"minecraft:mined":{"minecraft:podzol":1,"minecraft:oak_slab":6,"minecraft:spruce_planks":4,"minecraft:oak_sapling":8,"minecraft:oak_fence":2,"minecraft:clay":7,"minecraft:granite":3,"minecraft:grass_block":22,"minecraft:calcite":3,"minecraft:melon":4,"minecraft:chest":4,"minecraft:copper_ore":1,"minecraft:spruce_leaves":6,"minecraft:birch_slab":1,"minecraft:diorite":1,"minecraft:amethyst_block":8,"minecraft:birch_log":1,"minecraft:iron_ore":3,"minecraft:ice":1,"minecraft:spruce_log":183,"minecraft:andesite":3,"minecraft:oak_log":17,"minecraft:coal_ore":2,"minecraft:gravel":5,"minecraft:dirt":10,"minecraft:smooth_basalt":3,"minecraft:terracotta":1,"minecraft:stone":21,"minecraft:spruce_slab":3,"minecraft:oak_leaves":10},"minecraft:used":{"minecraft:wheat_seeds":4,"minecraft:water_bucket":2,"minecraft:spruce_slab":63,"minecraft:stone_pickaxe":34,"minecraft:chest":5,"minecraft:spruce_planks":295,"minecraft:wooden_pickaxe":40,"minecraft:wooden_shovel":51,"minecraft:torch":9,"minecraft:dirt":8,"minecraft:terracotta":1,"minecraft:hopper":4,"minecraft:oak_slab":61,"minecraft:mushroom_stew":1,"minecraft:wooden_axe":7,"minecraft:wooden_hoe":46,"minecraft:birch_slab":39,"minecraft:grass_block":1,"minecraft:map":1,"minecraft:spruce_sapling":16,"minecraft:stone_axe":190,"minecraft:oak_sapling":9,"minecraft:bucket":4,"minecraft:egg":2,"minecraft:bone_meal":12},"minecraft:killed":{"minecraft:rabbit":4,"minecraft:cow":1},"minecraft:picked_up":{"minecraft:wooden_axe":2,"minecraft:birch_log":2,"minecraft:charcoal":1,"minecraft:feather":4,"minecraft:water_bucket":4,"minecraft:golden_carrot":1,"minecraft:clay_ball":24,"minecraft:birch_slab":97,"minecraft:leather":6,"minecraft:music_disc_stal":1,"minecraft:wooden_pickaxe":3,"minecraft:birch_planks":13,"minecraft:mushroom_stew":3,"minecraft:flint":1,"minecraft:oak_log":11,"minecraft:amethyst_block":13,"minecraft:dirt":47,"minecraft:raw_copper":6,"minecraft:iron_axe":1,"minecraft:bone":4,"minecraft:spruce_planks":219,"minecraft:raw_gold":1,"minecraft:wheat_seeds":1,"minecraft:bucket":2,"minecraft:rabbit_hide":3,"minecraft:stone_pickaxe":1,"minecraft:iron_ingot":12,"minecraft:beef":5,"minecraft:calcite":6,"minecraft:wooden_shovel":4,"minecraft:spruce_slab":71,"minecraft:iron_pickaxe":1,"minecraft:rabbit":3,"minecraft:chest":4,"minecraft:egg":3,"minecraft:tipped_arrow":4,"minecraft:glow_lichen":1,"minecraft:oak_slab":204,"minecraft:stick":23,"minecraft:raw_iron":6,"minecraft:smooth_basalt":4,"minecraft:oak_fence":4,"minecraft:dripstone_block":2,"minecraft:torch":3,"minecraft:bowl":2,"minecraft:gravel":2,"minecraft:spruce_sapling":20,"minecraft:spruce_log":183,"minecraft:rabbit_foot":1,"minecraft:howl_pottery_sherd":2,"minecraft:arrow":6,"minecraft:blue_terracotta":1,"minecraft:stone_axe":1,"minecraft:bone_meal":3,"minecraft:gray_wool":2,"minecraft:white_terracotta":16,"minecraft:terracotta":1,"minecraft:oak_sapling":21,"minecraft:mutton":2,"minecraft:coal":6,"minecraft:snowball":3,"minecraft:hopper":1,"minecraft:cobblestone":6},"minecraft:broken":{"minecraft:stone_axe":1,"minecraft:wooden_hoe":1},"minecraft:killed_by":{"minecraft:player":3,"minecraft:zombie":1},"minecraft:dropped":{"minecraft:water_bucket":2,"minecraft:raw_copper":1,"minecraft:feather":2,"minecraft:oak_planks":40,"minecraft:mushroom_stew":3,"minecraft:stick":2,"minecraft:rabbit_hide":1,"minecraft:filled_map":1,"minecraft:gray_wool":1,"minecraft:spruce_planks":4,"minecraft:torch":1,"minecraft:charcoal":1,"minecraft:mutton":1,"minecraft:wooden_axe":1,"minecraft:hopper":1,"minecraft:spruce_slab":134,"minecraft:bone_meal":2,"minecraft:wooden_pickaxe":1,"minecraft:spruce_sapling":5,"minecraft:bone":1}},"DataVersion":3700}