{"stats":{"minecraft:killed_by":{"minecraft:warden":1},"minecraft:picked_up":{"minecraft:stick":37,"minecraft:wheat":9,"minecraft:water_bucket":2,"minecraft:acacia_log":19,"minecraft:oak_log":5,"minecraft:warden_spawn_egg":1,"minecraft:wooden_hoe":3,"minecraft:dirt":2,"minecraft:leather_helmet":2,"minecraft:stone_sword":2,"minecraft:rotten_flesh":1,"minecraft:acacia_planks":72,"minecraft:stone_axe":2,"minecraft:wheat_seeds":101,"minecraft:iron_ingot":10,"minecraft:bone_meal":5,"minecraft:enchanted_golden_apple":2,"minecraft:bread":9,"minecraft:poppy":6,"minecraft:oak_sapling":3,"minecraft:melon_seeds":6,"minecraft:mutton":2,"minecraft:stone_hoe":3,"minecraft:acacia_sapling":18,"minecraft:white_wool":6,"minecraft:cobblestone":10},"minecraft:used":{"minecraft:warden_spawn_egg":1,"minecraft:cooked_mutton":2,"minecraft:wheat_seeds":7,"minecraft:water_bucket":4,"minecraft:wooden_hoe":17,"minecraft:acacia_log":3,"minecraft:bread":2,"minecraft:rotten_flesh":1,"minecraft:stone_axe":36,"minecraft:dirt":2,"minecraft:bucket":5,"minecraft:enchanted_golden_apple":2,"minecraft:acacia_planks":35},"minecraft:crafted":{"minecraft:oak_planks":8,"minecraft:white_dye":1,"minecraft:stick":16,"minecraft:leather_helmet":1,"minecraft:acacia_planks":64,"minecraft:bucket":1,"minecraft:shears":1,"minecraft:stone_axe":1,"minecraft:air":0,"minecraft:cooked_mutton":2},"minecraft:dropped":{"minecraft:iron_ingot":7},"minecraft:killed":{"minecraft:sheep":1,"minecraft:zombie":1,"minecraft:iron_golem":1},"minecraft:mined":{"minecraft:melon_stem":1,"minecraft:wheat":10,"treechop:chopped_log":3,"minecraft:grass":53,"minecraft:acacia_log":4,"minecraft:dirt":2,"minecraft:acacia_planks":1},"minecraft:custom":{"minecraft:time_since_rest":108,"minecraft:interact_with_furnace":3,"minecraft:sprint_one_cm":55054,"minecraft:damage_taken":820,"minecraft:walk_one_cm":69644,"minecraft:mob_kills":3,"minecraft:drop":7,"minecraft:damage_dealt":1473,"minecraft:talked_to_villager":2,"minecraft:interact_with_crafting_table":5,"minecraft:fly_one_cm":48825,"minecraft:open_chest":12,"minecraft:crouch_one_cm":8336,"minecraft:play_time":24665,"minecraft:deaths":2,"minecraft:sneak_time":1832,"minecraft:walk_under_water_one_cm":66,"minecraft:jump":326,"minecraft:sleep_in_bed":1,"minecraft:damage_resisted":99,"minecraft:walk_on_water_one_cm":1230,"minecraft:time_since_death":5463,"minecraft:total_world_time":24665,"minecraft:interact_with_smoker":4,"minecraft:climb_one_cm":1003,"minecraft:fall_one_cm":11275,"minecraft:damage_absorbed":161}},"DataVersion":3465}