{"stats":{"minecraft:picked_up":{"minecraft:stick":3,"minecraft:wheat":7,"minecraft:acacia_log":8,"minecraft:oak_log":5,"minecraft:wooden_hoe":1,"minecraft:dirt":2,"minecraft:wheat_seeds":22,"minecraft:iron_ingot":7,"minecraft:bone_meal":1,"minecraft:oak_sapling":1,"minecraft:mutton":2,"minecraft:stone_hoe":1,"minecraft:acacia_sapling":6,"minecraft:white_wool":1},"minecraft:used":{"minecraft:wheat_seeds":7,"minecraft:wooden_hoe":1,"minecraft:stone_axe":15,"minecraft:dirt":2},"minecraft:crafted":{"minecraft:oak_planks":8,"minecraft:stick":16,"minecraft:stone_axe":1},"minecraft:dropped":{"minecraft:iron_ingot":7},"minecraft:killed":{"minecraft:sheep":1},"minecraft:mined":{"minecraft:wheat":7,"treechop:chopped_log":2,"minecraft:grass":12,"minecraft:dirt":2},"minecraft:custom":{"minecraft:time_since_rest":12665,"minecraft:interact_with_furnace":1,"minecraft:sprint_one_cm":27450,"minecraft:damage_taken":65,"minecraft:walk_one_cm":28839,"minecraft:mob_kills":1,"minecraft:drop":7,"minecraft:damage_dealt":302,"minecraft:talked_to_villager":2,"minecraft:interact_with_crafting_table":2,"minecraft:fly_one_cm":24163,"minecraft:open_chest":6,"minecraft:crouch_one_cm":164,"minecraft:play_time":12665,"minecraft:sneak_time":229,"minecraft:jump":133,"minecraft:walk_on_water_one_cm":427,"minecraft:time_since_death":12665,"minecraft:total_world_time":12665,"minecraft:interact_with_smoker":2,"minecraft:climb_one_cm":800,"minecraft:fall_one_cm":3227}},"DataVersion":3465}