{"stats":{"minecraft:crafted":{"minecraft:oak_planks":44,"minecraft:wooden_hoe":1,"minecraft:stick":4,"minecraft:birch_slab":126,"minecraft:birch_planks":56},"minecraft:mined":{"minecraft:podzol":1,"minecraft:oak_sapling":1,"minecraft:birch_log":1,"minecraft:andesite":3,"minecraft:clay":3,"minecraft:oak_fence":2,"minecraft:granite":2,"minecraft:coal_ore":1,"minecraft:calcite":2,"minecraft:oak_log":14,"minecraft:grass_block":19,"minecraft:melon":3,"minecraft:chest":2,"minecraft:gravel":3,"minecraft:dirt":1,"minecraft:birch_slab":1,"minecraft:stone":11,"minecraft:oak_leaves":4,"minecraft:amethyst_block":3},"minecraft:custom":{"minecraft:time_since_rest":5526,"minecraft:interact_with_furnace":4,"minecraft:sprint_one_cm":36847,"minecraft:damage_taken":1527,"minecraft:walk_one_cm":110001,"minecraft:mob_kills":5,"minecraft:drop":1,"minecraft:damage_dealt":939,"minecraft:swim_one_cm":6435,"minecraft:interact_with_crafting_table":6,"minecraft:fly_one_cm":25390,"minecraft:player_kills":2,"minecraft:open_chest":33,"minecraft:crouch_one_cm":16975,"minecraft:play_time":27556,"minecraft:deaths":6,"minecraft:sneak_time":5166,"minecraft:walk_under_water_one_cm":10114,"minecraft:jump":237,"minecraft:walk_on_water_one_cm":5806,"minecraft:time_since_death":5483,"minecraft:total_world_time":27556,"minecraft:damage_resisted":8,"minecraft:fall_one_cm":476},"minecraft:used":{"minecraft:wheat_seeds":4,"minecraft:wooden_hoe":46,"minecraft:birch_slab":27,"minecraft:wooden_pickaxe":32,"minecraft:wooden_shovel":51,"minecraft:oak_sapling":4},"minecraft:killed":{"minecraft:rabbit":4,"minecraft:cow":1},"minecraft:picked_up":{"minecraft:birch_log":2,"minecraft:oak_slab":75,"minecraft:stick":13,"minecraft:raw_iron":6,"minecraft:clay_ball":24,"minecraft:birch_slab":1,"minecraft:oak_fence":3,"minecraft:leather":4,"minecraft:wooden_pickaxe":1,"minecraft:gravel":2,"minecraft:birch_planks":13,"minecraft:flint":1,"minecraft:oak_log":8,"minecraft:amethyst_block":2,"minecraft:rabbit_foot":1,"minecraft:wheat_seeds":1,"minecraft:bucket":1,"minecraft:rabbit_hide":1,"minecraft:beef":2,"minecraft:calcite":1,"minecraft:wooden_shovel":4,"minecraft:rabbit":3,"minecraft:oak_sapling":4,"minecraft:cobblestone":6,"minecraft:wooden_axe":1},"minecraft:broken":{"minecraft:wooden_hoe":1},"minecraft:killed_by":{"minecraft:player":3},"minecraft:dropped":{"minecraft:oak_planks":40}},"DataVersion":3700}