{"stats":{"minecraft:mined":{"minecraft:deepslate_redstone_ore":4,"minecraft:tuff":41,"minecraft:oak_sapling":1,"minecraft:mossy_cobblestone":1,"minecraft:deepslate_diamond_ore":1,"minecraft:crafting_table":3,"minecraft:torch":7,"minecraft:granite":14,"minecraft:grass_block":4,"minecraft:chest":2,"minecraft:redstone_wire":2,"minecraft:tall_grass":2,"minecraft:cobblestone":34,"minecraft:deepslate_gold_ore":4,"minecraft:sugar_cane":1,"minecraft:diorite":9,"minecraft:wall_torch":14,"minecraft:furnace":3,"minecraft:iron_ore":13,"minecraft:cobbled_deepslate":17,"minecraft:andesite":6,"treechop:chopped_log":9,"minecraft:grass":3,"minecraft:oak_log":22,"minecraft:coal_ore":20,"minecraft:deepslate_iron_ore":11,"minecraft:cobblestone_slab":4,"minecraft:gravel":10,"minecraft:dirt":26,"minecraft:stone":146,"minecraft:oak_leaves":7,"minecraft:deepslate":280},"minecraft:custom":{"minecraft:interact_with_furnace":18,"minecraft:mob_kills":17,"minecraft:interact_with_crafting_table":18,"minecraft:damage_resisted":24,"minecraft:leave_game":3,"minecraft:time_since_death":8249,"minecraft:time_since_rest":8280,"minecraft:damage_absorbed":80,"minecraft:sprint_one_cm":145815,"minecraft:damage_taken":3107,"minecraft:walk_one_cm":283331,"minecraft:damage_blocked_by_shield":1410,"minecraft:drop":50,"minecraft:damage_dealt":4138,"minecraft:swim_one_cm":36985,"minecraft:player_kills":2,"minecraft:fly_one_cm":156742,"minecraft:open_chest":10,"minecraft:play_time":94188,"minecraft:crouch_one_cm":41232,"minecraft:deaths":9,"minecraft:sneak_time":14788,"minecraft:walk_under_water_one_cm":24812,"minecraft:jump":1259,"minecraft:walk_on_water_one_cm":46552,"minecraft:total_world_time":94188,"minecraft:fall_one_cm":28498},"minecraft:used":{"minecraft:water_bucket":2,"minecraft:stone_sword":32,"minecraft:stone_pickaxe":185,"minecraft:redstone":4,"minecraft:chest":3,"minecraft:wooden_pickaxe":26,"minecraft:shield":28,"minecraft:iron_sword":42,"minecraft:cobblestone_slab":5,"minecraft:rotten_flesh":15,"minecraft:salmon":1,"minecraft:torch":80,"minecraft:dirt":11,"minecraft:crafting_table":11,"minecraft:granite":14,"minecraft:oak_log":8,"minecraft:apple":2,"minecraft:diamond_pickaxe":248,"minecraft:lava_bucket":1,"minecraft:chicken":1,"minecraft:iron_pickaxe":156,"minecraft:gravel":7,"minecraft:stone_axe":73,"minecraft:cobblestone":15,"minecraft:beef":4,"minecraft:oak_sapling":5,"minecraft:furnace":4,"minecraft:birch_log":9,"minecraft:andesite":3,"minecraft:bucket":5,"minecraft:cooked_beef":4,"minecraft:cobbled_deepslate":37,"minecraft:enchanted_golden_apple":1},"minecraft:killed":{"minecraft:salmon":1,"minecraft:creeper":1,"minecraft:skeleton":1,"minecraft:zombie":11,"minecraft:chicken":1,"minecraft:cow":2},"minecraft:picked_up":{"minecraft:birch_log":56,"minecraft:crafting_table":2,"minecraft:cooked_beef":7,"minecraft:feather":2,"minecraft:chicken":2,"minecraft:salmon":1,"minecraft:andesite":4,"minecraft:leather":2,"minecraft:wooden_pickaxe":5,"minecraft:flint":3,"minecraft:tuff":27,"minecraft:oak_log":124,"minecraft:shield":1,"minecraft:dirt":27,"minecraft:wooden_sword":1,"minecraft:apple":4,"minecraft:cobbled_deepslate":277,"minecraft:raw_gold":4,"minecraft:bucket":2,"minecraft:iron_ingot":1,"minecraft:beef":6,"minecraft:cobblestone_slab":5,"minecraft:enchanted_golden_apple":99,"minecraft:iron_pickaxe":1,"minecraft:sugar_cane":9,"minecraft:birch_sapling":12,"minecraft:chest":2,"minecraft:iron_sword":2,"minecraft:oak_planks":51,"minecraft:furnace":3,"minecraft:stick":34,"minecraft:raw_iron":25,"minecraft:pumpkin":1,"minecraft:torch":27,"minecraft:gravel":7,"minecraft:diorite":9,"minecraft:redstone":27,"minecraft:mossy_cobblestone":1,"minecraft:stone_sword":1,"minecraft:rotten_flesh":15,"minecraft:diamond":2,"minecraft:stone_axe":4,"minecraft:granite":14,"minecraft:bone_meal":2,"minecraft:golden_apple":6,"minecraft:gold_ingot":3,"minecraft:oak_sapling":64,"minecraft:coal":28,"minecraft:cobblestone":187,"minecraft:diamond_pickaxe":5},"minecraft:crafted":{"minecraft:oak_planks":128,"minecraft:crafting_table":11,"minecraft:wooden_pickaxe":3,"minecraft:furnace":2,"minecraft:bucket":1,"minecraft:stone_axe":2,"minecraft:air":0,"minecraft:iron_chestplate":1,"minecraft:shield":2,"minecraft:stick":48,"minecraft:iron_ingot":20,"minecraft:stone_pickaxe":3,"minecraft:stone_sword":1,"minecraft:chest":3,"minecraft:iron_leggings":1,"minecraft:torch":72},"minecraft:broken":{"minecraft:stone_pickaxe":1},"minecraft:killed_by":{"minecraft:player":5,"minecraft:skeleton":2},"minecraft:dropped":{"minecraft:iron_ingot":1,"minecraft:iron_sword":1,"minecraft:cooked_beef":3,"minecraft:diamond":1,"minecraft:enchanted_golden_apple":56,"minecraft:golden_apple":2,"minecraft:stick":1,"minecraft:lava_bucket":1,"minecraft:shield":1,"minecraft:torch":18,"minecraft:wooden_sword":1,"minecraft:bucket":1}},"DataVersion":3465}