{"stats":{"minecraft:killed":{"minecraft:skeleton":34,"minecraft:rabbit":4,"minecraft:creeper":32,"minecraft:zombie":26,"minecraft:cow":1},"minecraft:used":{"minecraft:stone_sword":42,"minecraft:spruce_slab":63,"minecraft:chest":5,"minecraft:spruce_planks":1264,"minecraft:wooden_shovel":51,"minecraft:torch":62,"minecraft:dirt":8,"minecraft:hopper":4,"minecraft:wooden_axe":21,"minecraft:grass_block":1,"minecraft:oak_sapling":9,"minecraft:egg":2,"minecraft:wheat_seeds":4,"minecraft:water_bucket":20,"minecraft:stone_pickaxe":38,"minecraft:oak_planks":40,"minecraft:wooden_pickaxe":40,"minecraft:terracotta":1,"minecraft:oak_slab":101,"minecraft:crafting_table":2,"minecraft:mushroom_stew":2,"minecraft:wooden_hoe":46,"minecraft:birch_slab":39,"minecraft:map":1,"minecraft:spruce_trapdoor":65,"minecraft:spruce_sapling":16,"minecraft:stone_axe":514,"minecraft:bucket":22,"minecraft:bone_meal":48},"minecraft:custom":{"minecraft:mob_kills":98,"minecraft:interact_with_crafting_table":25,"minecraft:damage_dealt_resisted":11,"minecraft:leave_game":1,"minecraft:time_since_death":8993,"minecraft:damage_resisted":8,"minecraft:sprint_one_cm":227039,"minecraft:walk_one_cm":326893,"minecraft:drop":52,"minecraft:play_time":115741,"minecraft:deaths":15,"minecraft:sneak_time":32028,"minecraft:walk_under_water_one_cm":10114,"minecraft:jump":1013,"minecraft:walk_on_water_one_cm":8104,"minecraft:total_world_time":115741,"minecraft:interact_with_furnace":17,"minecraft:time_since_rest":9020,"minecraft:damage_taken":3930,"minecraft:damage_dealt":1790,"minecraft:swim_one_cm":6435,"minecraft:fly_one_cm":129876,"minecraft:player_kills":2,"minecraft:open_chest":192,"minecraft:crouch_one_cm":114786,"minecraft:fall_one_cm":12752},"minecraft:broken":{"minecraft:stone_axe":2,"minecraft:wooden_hoe":1},"minecraft:picked_up":{"minecraft:wooden_axe":4,"minecraft:charcoal":3,"minecraft:crafting_table":2,"minecraft:clay_ball":24,"minecraft:wooden_pickaxe":5,"minecraft:amethyst_block":13,"minecraft:iron_axe":1,"minecraft:raw_copper":9,"minecraft:cobbled_deepslate":6,"minecraft:bucket":2,"minecraft:spruce_planks":308,"minecraft:beef":5,"minecraft:calcite":6,"minecraft:wooden_shovel":4,"minecraft:iron_pickaxe":1,"minecraft:spruce_slab":71,"minecraft:chest":4,"minecraft:egg":3,"minecraft:tipped_arrow":4,"minecraft:stick":23,"minecraft:raw_iron":6,"minecraft:oak_fence":4,"minecraft:torch":15,"minecraft:bowl":2,"minecraft:rabbit_foot":1,"minecraft:dark_oak_planks":2,"minecraft:howl_pottery_sherd":2,"minecraft:arrow":6,"minecraft:white_terracotta":16,"minecraft:mutton":4,"minecraft:snowball":3,"minecraft:cobblestone":36,"minecraft:birch_log":2,"minecraft:feather":8,"minecraft:golden_carrot":1,"minecraft:water_bucket":8,"minecraft:birch_slab":97,"minecraft:leather":6,"minecraft:music_disc_stal":1,"minecraft:birch_planks":13,"minecraft:mushroom_stew":5,"minecraft:flint":1,"minecraft:tuff":3,"minecraft:oak_log":11,"minecraft:glow_squid_spawn_egg":1,"minecraft:dirt":47,"minecraft:leather_boots":1,"minecraft:bone":9,"minecraft:wheat_seeds":1,"minecraft:raw_gold":1,"minecraft:rabbit_hide":5,"minecraft:stone_pickaxe":1,"minecraft:iron_ingot":12,"minecraft:rabbit":3,"minecraft:oak_slab":208,"minecraft:glow_lichen":1,"minecraft:smooth_basalt":4,"minecraft:dripstone_block":6,"minecraft:gravel":2,"minecraft:spruce_sapling":26,"minecraft:spruce_log":396,"minecraft:leather_helmet":1,"minecraft:blue_terracotta":1,"minecraft:stone_axe":3,"minecraft:bone_meal":3,"minecraft:gray_wool":4,"minecraft:terracotta":1,"minecraft:oak_sapling":21,"minecraft:coal":8,"minecraft:hopper":3},"minecraft:killed_by":{"minecraft:player":3,"minecraft:zombie":1},"minecraft:crafted":{"minecraft:oak_planks":96,"minecraft:birch_slab":132,"minecraft:bone_meal":99,"minecraft:hopper":5,"minecraft:spruce_slab":126,"minecraft:stone_pickaxe":2,"minecraft:chest":9,"minecraft:dark_oak_planks":8,"minecraft:oak_slab":36,"minecraft:crafting_table":2,"minecraft:spruce_planks":1672,"minecraft:wooden_pickaxe":1,"minecraft:bowl":4,"minecraft:bucket":1,"minecraft:birch_planks":56,"minecraft:stone_axe":5,"minecraft:air":0,"minecraft:spruce_trapdoor":72,"minecraft:wooden_hoe":1,"minecraft:charcoal":3,"minecraft:stick":32,"minecraft:iron_ingot":3,"minecraft:wooden_axe":1,"minecraft:stone_sword":1,"minecraft:torch":60},"minecraft:mined":{"minecraft:spruce_planks":125,"minecraft:oak_sapling":8,"minecraft:spruce_trapdoor":1,"minecraft:granite":3,"minecraft:grass_block":22,"minecraft:birch_slab":1,"minecraft:spruce_leaves":8,"minecraft:iron_ore":3,"minecraft:andesite":3,"minecraft:stone":21,"minecraft:spruce_slab":3,"minecraft:podzol":1,"minecraft:oak_slab":10,"minecraft:oak_fence":2,"minecraft:clay":7,"minecraft:crafting_table":2,"minecraft:torch":16,"minecraft:calcite":3,"minecraft:melon":4,"minecraft:chest":4,"minecraft:copper_ore":1,"minecraft:diorite":1,"minecraft:amethyst_block":8,"minecraft:birch_log":1,"minecraft:ice":1,"minecraft:spruce_log":397,"minecraft:oak_log":17,"minecraft:coal_ore":2,"minecraft:gravel":5,"minecraft:dirt":10,"minecraft:smooth_basalt":3,"minecraft:terracotta":1,"minecraft:oak_leaves":10},"minecraft:dropped":{"minecraft:water_bucket":4,"minecraft:dripstone_block":2,"minecraft:feather":4,"minecraft:cobblestone":15,"minecraft:mushroom_stew":4,"minecraft:stick":2,"minecraft:gray_wool":2,"minecraft:dark_oak_log":1,"minecraft:torch":2,"minecraft:mutton":2,"minecraft:wooden_axe":2,"minecraft:bone_meal":2,"minecraft:spruce_sapling":8,"minecraft:bone":1,"minecraft:stone_axe":1,"minecraft:cobbled_deepslate":6,"minecraft:raw_copper":2,"minecraft:oak_planks":40,"minecraft:filled_map":1,"minecraft:rabbit_hide":2,"minecraft:spruce_planks":4,"minecraft:charcoal":2,"minecraft:hopper":2,"minecraft:spruce_slab":134,"minecraft:wooden_pickaxe":2}},"DataVersion":3700}