{"stats":{"minecraft:crafted":{"minecraft:oak_planks":44,"minecraft:bowl":4,"minecraft:birch_slab":126,"minecraft:bucket":1,"minecraft:birch_planks":56,"minecraft:wooden_hoe":1,"minecraft:stick":4,"minecraft:iron_ingot":3,"minecraft:stone_pickaxe":1},"minecraft:custom":{"minecraft:interact_with_furnace":6,"minecraft:mob_kills":5,"minecraft:interact_with_crafting_table":9,"minecraft:time_since_death":11081,"minecraft:damage_resisted":8,"minecraft:time_since_rest":11111,"minecraft:sprint_one_cm":59366,"minecraft:damage_taken":1782,"minecraft:walk_one_cm":163118,"minecraft:drop":5,"minecraft:damage_dealt":1072,"minecraft:swim_one_cm":6435,"minecraft:player_kills":2,"minecraft:fly_one_cm":38305,"minecraft:open_chest":68,"minecraft:crouch_one_cm":25617,"minecraft:play_time":39556,"minecraft:deaths":7,"minecraft:sneak_time":6846,"minecraft:walk_under_water_one_cm":10114,"minecraft:jump":331,"minecraft:walk_on_water_one_cm":6280,"minecraft:total_world_time":39556,"minecraft:fall_one_cm":1103},"minecraft:mined":{"minecraft:podzol":1,"minecraft:oak_sapling":7,"minecraft:oak_fence":2,"minecraft:clay":7,"minecraft:granite":3,"minecraft:grass_block":22,"minecraft:calcite":3,"minecraft:melon":4,"minecraft:chest":3,"minecraft:copper_ore":1,"minecraft:birch_slab":1,"minecraft:diorite":1,"minecraft:amethyst_block":8,"minecraft:birch_log":1,"minecraft:iron_ore":3,"minecraft:andesite":3,"minecraft:oak_log":14,"minecraft:coal_ore":2,"minecraft:gravel":5,"minecraft:dirt":6,"minecraft:smooth_basalt":3,"minecraft:stone":21,"minecraft:oak_leaves":4},"minecraft:used":{"minecraft:wheat_seeds":4,"minecraft:water_bucket":2,"minecraft:stone_pickaxe":34,"minecraft:wooden_pickaxe":39,"minecraft:wooden_shovel":51,"minecraft:dirt":2,"minecraft:mushroom_stew":1,"minecraft:wooden_hoe":46,"minecraft:birch_slab":32,"minecraft:map":1,"minecraft:oak_sapling":4,"minecraft:bucket":4},"minecraft:killed":{"minecraft:rabbit":4,"minecraft:cow":1},"minecraft:picked_up":{"minecraft:wooden_axe":1,"minecraft:birch_log":2,"minecraft:golden_carrot":1,"minecraft:clay_ball":24,"minecraft:birch_slab":1,"minecraft:leather":4,"minecraft:wooden_pickaxe":1,"minecraft:birch_planks":13,"minecraft:flint":1,"minecraft:oak_log":8,"minecraft:amethyst_block":2,"minecraft:dirt":5,"minecraft:wheat_seeds":1,"minecraft:bucket":2,"minecraft:rabbit_hide":1,"minecraft:beef":2,"minecraft:calcite":1,"minecraft:wooden_shovel":4,"minecraft:rabbit":3,"minecraft:chest":1,"minecraft:tipped_arrow":1,"minecraft:glow_lichen":1,"minecraft:oak_slab":75,"minecraft:stick":13,"minecraft:raw_iron":6,"minecraft:oak_fence":3,"minecraft:gravel":2,"minecraft:spruce_sapling":1,"minecraft:rabbit_foot":1,"minecraft:oak_sapling":11,"minecraft:coal":6,"minecraft:cobblestone":6},"minecraft:broken":{"minecraft:wooden_hoe":1},"minecraft:killed_by":{"minecraft:player":3},"minecraft:dropped":{"minecraft:oak_planks":40,"minecraft:mushroom_stew":3,"minecraft:filled_map":1}},"DataVersion":3700}