{"stats":{"minecraft:crafted":{"minecraft:oak_planks":44,"minecraft:wooden_hoe":1,"minecraft:stick":4},"minecraft:mined":{"minecraft:podzol":1,"minecraft:oak_sapling":1,"minecraft:birch_log":1,"minecraft:clay":3,"minecraft:oak_fence":2,"minecraft:oak_log":5,"minecraft:grass_block":19,"minecraft:melon":3,"minecraft:chest":2},"minecraft:custom":{"minecraft:time_since_rest":6640,"minecraft:interact_with_furnace":3,"minecraft:sprint_one_cm":14382,"minecraft:damage_taken":564,"minecraft:walk_one_cm":66465,"minecraft:mob_kills":1,"minecraft:drop":1,"minecraft:damage_dealt":405,"minecraft:swim_one_cm":6435,"minecraft:interact_with_crafting_table":5,"minecraft:fly_one_cm":9602,"minecraft:player_kills":1,"minecraft:open_chest":18,"minecraft:crouch_one_cm":10144,"minecraft:play_time":15556,"minecraft:deaths":2,"minecraft:sneak_time":3079,"minecraft:walk_under_water_one_cm":10114,"minecraft:jump":128,"minecraft:walk_on_water_one_cm":5806,"minecraft:time_since_death":6603,"minecraft:total_world_time":15556,"minecraft:fall_one_cm":476},"minecraft:used":{"minecraft:wheat_seeds":4,"minecraft:wooden_hoe":32,"minecraft:wooden_shovel":41},"minecraft:killed":{"minecraft:cow":1},"minecraft:picked_up":{"minecraft:oak_slab":75,"minecraft:clay_ball":12,"minecraft:oak_fence":2,"minecraft:leather":2,"minecraft:birch_planks":13,"minecraft:wheat_seeds":1,"minecraft:bucket":1,"minecraft:beef":1,"minecraft:wooden_shovel":1},"minecraft:killed_by":{"minecraft:player":1},"minecraft:dropped":{"minecraft:oak_planks":40}},"DataVersion":3700}