{"stats":{"minecraft:crafted":{"minecraft:oak_planks":44,"minecraft:spruce_planks":556,"minecraft:bowl":4,"minecraft:birch_slab":132,"minecraft:bone_meal":9,"minecraft:bucket":1,"minecraft:birch_planks":56,"minecraft:stone_axe":1,"minecraft:air":0,"minecraft:hopper":5,"minecraft:wooden_hoe":1,"minecraft:charcoal":3,"minecraft:stick":4,"minecraft:iron_ingot":3,"minecraft:stone_pickaxe":1,"minecraft:chest":8,"minecraft:torch":8},"minecraft:custom":{"minecraft:interact_with_furnace":13,"minecraft:mob_kills":5,"minecraft:interact_with_crafting_table":13,"minecraft:damage_dealt_resisted":11,"minecraft:time_since_death":6692,"minecraft:damage_resisted":8,"minecraft:time_since_rest":6718,"minecraft:sprint_one_cm":106085,"minecraft:damage_taken":2562,"minecraft:walk_one_cm":206921,"minecraft:drop":5,"minecraft:damage_dealt":1086,"minecraft:swim_one_cm":6435,"minecraft:player_kills":2,"minecraft:fly_one_cm":63946,"minecraft:open_chest":125,"minecraft:crouch_one_cm":35774,"minecraft:play_time":57556,"minecraft:deaths":10,"minecraft:sneak_time":10843,"minecraft:walk_under_water_one_cm":10114,"minecraft:jump":479,"minecraft:walk_on_water_one_cm":6973,"minecraft:total_world_time":57556,"minecraft:fall_one_cm":1103},"minecraft:mined":{"minecraft:podzol":1,"minecraft:oak_slab":6,"minecraft:spruce_planks":1,"minecraft:oak_sapling":8,"minecraft:oak_fence":2,"minecraft:clay":7,"minecraft:granite":3,"minecraft:grass_block":22,"minecraft:calcite":3,"minecraft:melon":4,"minecraft:chest":3,"minecraft:copper_ore":1,"minecraft:birch_slab":1,"minecraft:diorite":1,"minecraft:amethyst_block":8,"minecraft:birch_log":1,"minecraft:iron_ore":3,"minecraft:ice":1,"minecraft:spruce_log":130,"minecraft:andesite":3,"minecraft:oak_log":17,"minecraft:coal_ore":2,"minecraft:gravel":5,"minecraft:dirt":10,"minecraft:smooth_basalt":3,"minecraft:stone":21,"minecraft:oak_leaves":10},"minecraft:used":{"minecraft:wheat_seeds":4,"minecraft:water_bucket":2,"minecraft:stone_pickaxe":34,"minecraft:spruce_planks":2,"minecraft:wooden_pickaxe":39,"minecraft:wooden_shovel":51,"minecraft:torch":1,"minecraft:dirt":8,"minecraft:oak_slab":61,"minecraft:mushroom_stew":1,"minecraft:wooden_hoe":46,"minecraft:birch_slab":39,"minecraft:grass_block":1,"minecraft:map":1,"minecraft:spruce_sapling":12,"minecraft:stone_axe":131,"minecraft:oak_sapling":9,"minecraft:bucket":4,"minecraft:egg":2,"minecraft:bone_meal":7},"minecraft:killed":{"minecraft:rabbit":4,"minecraft:cow":1},"minecraft:picked_up":{"minecraft:wooden_axe":1,"minecraft:birch_log":2,"minecraft:feather":2,"minecraft:water_bucket":2,"minecraft:golden_carrot":1,"minecraft:clay_ball":24,"minecraft:birch_slab":97,"minecraft:leather":6,"minecraft:music_disc_stal":1,"minecraft:wooden_pickaxe":2,"minecraft:birch_planks":13,"minecraft:mushroom_stew":2,"minecraft:flint":1,"minecraft:oak_log":11,"minecraft:amethyst_block":13,"minecraft:dirt":47,"minecraft:raw_copper":5,"minecraft:iron_axe":1,"minecraft:bone":3,"minecraft:spruce_planks":213,"minecraft:raw_gold":1,"minecraft:wheat_seeds":1,"minecraft:bucket":2,"minecraft:rabbit_hide":2,"minecraft:stone_pickaxe":1,"minecraft:iron_ingot":12,"minecraft:beef":5,"minecraft:calcite":6,"minecraft:wooden_shovel":4,"minecraft:iron_pickaxe":1,"minecraft:rabbit":3,"minecraft:chest":3,"minecraft:egg":3,"minecraft:tipped_arrow":4,"minecraft:glow_lichen":1,"minecraft:oak_slab":204,"minecraft:stick":21,"minecraft:raw_iron":6,"minecraft:smooth_basalt":4,"minecraft:oak_fence":4,"minecraft:torch":1,"minecraft:bowl":2,"minecraft:gravel":2,"minecraft:spruce_sapling":13,"minecraft:spruce_log":130,"minecraft:rabbit_foot":1,"minecraft:howl_pottery_sherd":2,"minecraft:arrow":6,"minecraft:blue_terracotta":1,"minecraft:stone_axe":1,"minecraft:bone_meal":1,"minecraft:gray_wool":1,"minecraft:white_terracotta":16,"minecraft:terracotta":1,"minecraft:oak_sapling":21,"minecraft:mutton":1,"minecraft:coal":6,"minecraft:snowball":3,"minecraft:cobblestone":6},"minecraft:broken":{"minecraft:stone_axe":1,"minecraft:wooden_hoe":1},"minecraft:killed_by":{"minecraft:player":3,"minecraft:zombie":1},"minecraft:dropped":{"minecraft:oak_planks":40,"minecraft:mushroom_stew":3,"minecraft:filled_map":1}},"DataVersion":3700}