{"stats":{"minecraft:killed_by":{"minecraft:warden":1},"minecraft:picked_up":{"minecraft:wheat":9,"minecraft:water_bucket":2,"minecraft:oak_log":5,"minecraft:wooden_hoe":3,"minecraft:dirt":14,"minecraft:bone":4,"minecraft:acacia_planks":72,"minecraft:wheat_seeds":103,"minecraft:iron_ingot":10,"minecraft:poppy":6,"minecraft:enchanted_golden_apple":2,"minecraft:acacia_sapling":21,"minecraft:stone_hoe":3,"minecraft:stick":38,"minecraft:acacia_log":28,"minecraft:warden_spawn_egg":1,"minecraft:leather_helmet":2,"minecraft:stone_sword":2,"minecraft:arrow":3,"minecraft:rotten_flesh":2,"minecraft:stone_axe":2,"minecraft:hay_block":8,"minecraft:bone_meal":5,"minecraft:bread":9,"minecraft:oak_sapling":3,"minecraft:melon_seeds":6,"minecraft:mutton":2,"minecraft:white_wool":6,"minecraft:cobblestone":10},"minecraft:used":{"minecraft:wheat_seeds":8,"minecraft:cooked_mutton":2,"minecraft:water_bucket":4,"minecraft:stone_sword":29,"minecraft:acacia_log":3,"minecraft:oak_planks":37,"minecraft:rotten_flesh":2,"minecraft:bee_spawn_egg":66,"minecraft:dirt":14,"minecraft:crafting_table":1,"minecraft:warden_spawn_egg":1,"minecraft:wooden_hoe":20,"minecraft:bread":12,"minecraft:leather_helmet":1,"minecraft:stone_axe":44,"minecraft:bucket":5,"minecraft:acacia_planks":35,"minecraft:enchanted_golden_apple":2},"minecraft:crafted":{"minecraft:red_dye":2,"minecraft:oak_planks":8,"minecraft:crafting_table":1,"minecraft:leather_helmet":2,"minecraft:bucket":1,"minecraft:stone_axe":1,"minecraft:bread":24,"minecraft:cooked_mutton":2,"minecraft:air":0,"minecraft:white_dye":1,"minecraft:stick":16,"minecraft:acacia_planks":100,"minecraft:shears":1,"minecraft:wheat":72},"minecraft:dropped":{"minecraft:iron_ingot":7},"minecraft:killed":{"minecraft:iron_golem":1,"minecraft:sheep":1,"minecraft:skeleton":2,"minecraft:zombie":5},"minecraft:mined":{"minecraft:melon_stem":1,"minecraft:acacia_log":4,"minecraft:grass_block":2,"minecraft:hay_block":8,"minecraft:wheat":10,"treechop:chopped_log":4,"minecraft:grass":59,"minecraft:dirt":4,"minecraft:acacia_planks":1},"minecraft:custom":{"minecraft:interact_with_furnace":3,"minecraft:mob_kills":9,"minecraft:interact_with_crafting_table":8,"minecraft:leave_game":1,"minecraft:time_since_death":17146,"minecraft:sleep_in_bed":1,"minecraft:climb_one_cm":1459,"minecraft:damage_resisted":134,"minecraft:time_since_rest":11791,"minecraft:damage_absorbed":161,"minecraft:sprint_one_cm":86154,"minecraft:damage_taken":1377,"minecraft:walk_one_cm":122936,"minecraft:drop":7,"minecraft:damage_dealt":2816,"minecraft:talked_to_villager":3,"minecraft:fly_one_cm":84404,"minecraft:open_chest":14,"minecraft:crouch_one_cm":8990,"minecraft:play_time":36348,"minecraft:deaths":2,"minecraft:sneak_time":2274,"minecraft:walk_under_water_one_cm":66,"minecraft:jump":592,"minecraft:walk_on_water_one_cm":1985,"minecraft:interact_with_smoker":4,"minecraft:total_world_time":36348,"minecraft:fall_one_cm":16910}},"DataVersion":3465}