{"stats":{"minecraft:custom":{"minecraft:mob_kills":6,"minecraft:interact_with_crafting_table":19,"minecraft:damage_dealt_resisted":11,"minecraft:time_since_death":5166,"minecraft:damage_resisted":8,"minecraft:sprint_one_cm":129585,"minecraft:walk_one_cm":233179,"minecraft:drop":45,"minecraft:play_time":81556,"minecraft:deaths":12,"minecraft:sneak_time":21934,"minecraft:walk_under_water_one_cm":10114,"minecraft:jump":694,"minecraft:walk_on_water_one_cm":7498,"minecraft:total_world_time":81556,"minecraft:interact_with_furnace":13,"minecraft:time_since_rest":5196,"minecraft:damage_taken":3072,"minecraft:damage_dealt":1111,"minecraft:swim_one_cm":6435,"minecraft:fly_one_cm":81665,"minecraft:player_kills":2,"minecraft:open_chest":133,"minecraft:crouch_one_cm":76879,"minecraft:fall_one_cm":6865},"minecraft:crafted":{"minecraft:oak_planks":44,"minecraft:birch_slab":132,"minecraft:bone_meal":12,"minecraft:hopper":5,"minecraft:spruce_slab":126,"minecraft:stone_pickaxe":2,"minecraft:chest":9,"minecraft:crafting_table":1,"minecraft:spruce_planks":992,"minecraft:wooden_pickaxe":1,"minecraft:bowl":4,"minecraft:bucket":1,"minecraft:birch_planks":56,"minecraft:stone_axe":3,"minecraft:air":0,"minecraft:wooden_hoe":1,"minecraft:charcoal":3,"minecraft:stick":16,"minecraft:iron_ingot":3,"minecraft:wooden_axe":1,"minecraft:torch":8},"minecraft:mined":{"minecraft:spruce_planks":44,"minecraft:oak_sapling":8,"minecraft:granite":3,"minecraft:grass_block":22,"minecraft:birch_slab":1,"minecraft:spruce_leaves":8,"minecraft:iron_ore":3,"minecraft:andesite":3,"minecraft:stone":21,"minecraft:spruce_slab":3,"minecraft:podzol":1,"minecraft:oak_slab":6,"minecraft:oak_fence":2,"minecraft:clay":7,"minecraft:crafting_table":1,"minecraft:calcite":3,"minecraft:melon":4,"minecraft:chest":4,"minecraft:copper_ore":1,"minecraft:diorite":1,"minecraft:amethyst_block":8,"minecraft:birch_log":1,"minecraft:ice":1,"minecraft:spruce_log":296,"minecraft:coal_ore":2,"minecraft:oak_log":17,"minecraft:gravel":5,"minecraft:dirt":10,"minecraft:smooth_basalt":3,"minecraft:terracotta":1,"minecraft:oak_leaves":10},"minecraft:used":{"minecraft:spruce_slab":63,"minecraft:spruce_planks":537,"minecraft:chest":5,"minecraft:wooden_shovel":51,"minecraft:torch":9,"minecraft:dirt":8,"minecraft:hopper":4,"minecraft:wooden_axe":21,"minecraft:grass_block":1,"minecraft:oak_sapling":9,"minecraft:egg":2,"minecraft:wheat_seeds":4,"minecraft:water_bucket":20,"minecraft:stone_pickaxe":34,"minecraft:wooden_pickaxe":40,"minecraft:terracotta":1,"minecraft:oak_slab":61,"minecraft:crafting_table":1,"minecraft:mushroom_stew":1,"minecraft:wooden_hoe":46,"minecraft:birch_slab":39,"minecraft:map":1,"minecraft:spruce_sapling":16,"minecraft:stone_axe":329,"minecraft:bucket":22,"minecraft:bone_meal":12},"minecraft:killed":{"minecraft:rabbit":4,"minecraft:cow":1},"minecraft:picked_up":{"minecraft:wooden_axe":4,"minecraft:charcoal":3,"minecraft:crafting_table":1,"minecraft:clay_ball":24,"minecraft:wooden_pickaxe":5,"minecraft:amethyst_block":13,"minecraft:iron_axe":1,"minecraft:raw_copper":9,"minecraft:bucket":2,"minecraft:spruce_planks":242,"minecraft:beef":5,"minecraft:calcite":6,"minecraft:wooden_shovel":4,"minecraft:iron_pickaxe":1,"minecraft:spruce_slab":71,"minecraft:chest":4,"minecraft:egg":3,"minecraft:tipped_arrow":4,"minecraft:stick":23,"minecraft:raw_iron":6,"minecraft:oak_fence":4,"minecraft:torch":5,"minecraft:bowl":2,"minecraft:rabbit_foot":1,"minecraft:howl_pottery_sherd":2,"minecraft:arrow":6,"minecraft:white_terracotta":16,"minecraft:mutton":4,"minecraft:snowball":3,"minecraft:cobblestone":36,"minecraft:birch_log":2,"minecraft:feather":8,"minecraft:golden_carrot":1,"minecraft:birch_slab":97,"minecraft:water_bucket":8,"minecraft:leather":6,"minecraft:music_disc_stal":1,"minecraft:birch_planks":13,"minecraft:mushroom_stew":5,"minecraft:flint":1,"minecraft:oak_log":11,"minecraft:dirt":47,"minecraft:bone":4,"minecraft:wheat_seeds":1,"minecraft:raw_gold":1,"minecraft:rabbit_hide":5,"minecraft:iron_ingot":12,"minecraft:stone_pickaxe":1,"minecraft:rabbit":3,"minecraft:oak_slab":204,"minecraft:glow_lichen":1,"minecraft:smooth_basalt":4,"minecraft:dripstone_block":6,"minecraft:gravel":2,"minecraft:spruce_sapling":26,"minecraft:spruce_log":294,"minecraft:blue_terracotta":1,"minecraft:stone_axe":3,"minecraft:bone_meal":3,"minecraft:gray_wool":4,"minecraft:terracotta":1,"minecraft:oak_sapling":21,"minecraft:coal":6,"minecraft:hopper":3},"minecraft:broken":{"minecraft:stone_axe":2,"minecraft:wooden_hoe":1},"minecraft:killed_by":{"minecraft:player":3,"minecraft:zombie":1},"minecraft:dropped":{"minecraft:water_bucket":4,"minecraft:dripstone_block":2,"minecraft:feather":4,"minecraft:cobblestone":15,"minecraft:mushroom_stew":4,"minecraft:stick":2,"minecraft:gray_wool":2,"minecraft:torch":2,"minecraft:mutton":2,"minecraft:wooden_axe":2,"minecraft:bone_meal":2,"minecraft:spruce_sapling":8,"minecraft:bone":1,"minecraft:stone_axe":1,"minecraft:raw_copper":2,"minecraft:oak_planks":40,"minecraft:filled_map":1,"minecraft:rabbit_hide":2,"minecraft:spruce_planks":4,"minecraft:charcoal":2,"minecraft:hopper":2,"minecraft:spruce_slab":134,"minecraft:wooden_pickaxe":2}},"DataVersion":3700}