{"stats":{"minecraft:mined":{"minecraft:deepslate_redstone_ore":4,"minecraft:tuff":41,"minecraft:mossy_cobblestone":1,"minecraft:deepslate_diamond_ore":1,"minecraft:crafting_table":2,"minecraft:torch":7,"minecraft:granite":14,"minecraft:grass_block":2,"minecraft:chest":2,"minecraft:redstone_wire":2,"minecraft:tall_grass":2,"minecraft:cobblestone":34,"minecraft:deepslate_gold_ore":4,"minecraft:diorite":9,"minecraft:wall_torch":14,"minecraft:furnace":3,"minecraft:iron_ore":13,"minecraft:cobbled_deepslate":17,"minecraft:andesite":6,"minecraft:grass":1,"minecraft:oak_log":19,"minecraft:coal_ore":20,"minecraft:deepslate_iron_ore":11,"minecraft:cobblestone_slab":4,"minecraft:gravel":9,"minecraft:dirt":17,"minecraft:stone":140,"minecraft:oak_leaves":6,"minecraft:deepslate":280},"minecraft:custom":{"minecraft:interact_with_furnace":18,"minecraft:mob_kills":16,"minecraft:interact_with_crafting_table":14,"minecraft:leave_game":3,"minecraft:time_since_death":317,"minecraft:time_since_rest":360,"minecraft:sprint_one_cm":108913,"minecraft:damage_taken":2188,"minecraft:walk_one_cm":201181,"minecraft:damage_blocked_by_shield":1410,"minecraft:drop":17,"minecraft:damage_dealt":3706,"minecraft:swim_one_cm":2588,"minecraft:player_kills":1,"minecraft:fly_one_cm":84706,"minecraft:open_chest":5,"minecraft:play_time":70188,"minecraft:crouch_one_cm":39684,"minecraft:deaths":6,"minecraft:sneak_time":14156,"minecraft:walk_under_water_one_cm":753,"minecraft:jump":932,"minecraft:walk_on_water_one_cm":21302,"minecraft:total_world_time":70188,"minecraft:fall_one_cm":22798},"minecraft:used":{"minecraft:water_bucket":2,"minecraft:stone_sword":32,"minecraft:stone_pickaxe":185,"minecraft:redstone":4,"minecraft:wooden_pickaxe":19,"minecraft:shield":28,"minecraft:iron_sword":42,"minecraft:cobblestone_slab":5,"minecraft:rotten_flesh":15,"minecraft:torch":80,"minecraft:dirt":4,"minecraft:crafting_table":8,"minecraft:granite":14,"minecraft:diamond_pickaxe":248,"minecraft:lava_bucket":1,"minecraft:chicken":1,"minecraft:iron_pickaxe":156,"minecraft:gravel":6,"minecraft:stone_axe":12,"minecraft:cobblestone":15,"minecraft:beef":4,"minecraft:oak_sapling":3,"minecraft:furnace":4,"minecraft:andesite":3,"minecraft:bucket":5,"minecraft:cooked_beef":4,"minecraft:cobbled_deepslate":37},"minecraft:killed":{"minecraft:creeper":1,"minecraft:skeleton":1,"minecraft:zombie":11,"minecraft:chicken":1,"minecraft:cow":2},"minecraft:picked_up":{"minecraft:crafting_table":1,"minecraft:cooked_beef":7,"minecraft:feather":2,"minecraft:chicken":2,"minecraft:andesite":4,"minecraft:leather":2,"minecraft:wooden_pickaxe":2,"minecraft:flint":3,"minecraft:tuff":27,"minecraft:oak_log":19,"minecraft:shield":1,"minecraft:dirt":19,"minecraft:wooden_sword":1,"minecraft:cobbled_deepslate":277,"minecraft:raw_gold":4,"minecraft:bucket":2,"minecraft:iron_ingot":1,"minecraft:beef":6,"minecraft:cobblestone_slab":5,"minecraft:iron_pickaxe":1,"minecraft:chest":2,"minecraft:iron_sword":2,"minecraft:oak_planks":21,"minecraft:furnace":3,"minecraft:stick":5,"minecraft:raw_iron":25,"minecraft:pumpkin":1,"minecraft:torch":27,"minecraft:gravel":6,"minecraft:diorite":9,"minecraft:redstone":27,"minecraft:mossy_cobblestone":1,"minecraft:stone_sword":1,"minecraft:rotten_flesh":15,"minecraft:diamond":2,"minecraft:stone_axe":1,"minecraft:granite":14,"minecraft:bone_meal":2,"minecraft:gold_ingot":3,"minecraft:oak_sapling":4,"minecraft:coal":28,"minecraft:cobblestone":175,"minecraft:diamond_pickaxe":1},"minecraft:crafted":{"minecraft:oak_planks":76,"minecraft:crafting_table":9,"minecraft:wooden_pickaxe":2,"minecraft:furnace":2,"minecraft:bucket":1,"minecraft:stone_axe":1,"minecraft:air":0,"minecraft:iron_chestplate":1,"minecraft:shield":2,"minecraft:stick":44,"minecraft:iron_ingot":20,"minecraft:stone_pickaxe":3,"minecraft:stone_sword":1,"minecraft:iron_leggings":1,"minecraft:torch":72},"minecraft:broken":{"minecraft:stone_pickaxe":1},"minecraft:killed_by":{"minecraft:player":4},"minecraft:dropped":{"minecraft:iron_ingot":1,"minecraft:iron_sword":1,"minecraft:cooked_beef":3,"minecraft:diamond":1,"minecraft:stick":1,"minecraft:lava_bucket":1,"minecraft:shield":1,"minecraft:torch":18,"minecraft:wooden_sword":1,"minecraft:bucket":1}},"DataVersion":3465}