{"stats":{"minecraft:mined":{"minecraft:deepslate_redstone_ore":4,"minecraft:tuff":41,"minecraft:oak_sapling":1,"minecraft:mossy_cobblestone":1,"minecraft:deepslate_diamond_ore":1,"minecraft:crafting_table":2,"minecraft:torch":7,"minecraft:granite":14,"minecraft:grass_block":3,"minecraft:chest":2,"minecraft:redstone_wire":2,"minecraft:tall_grass":2,"minecraft:cobblestone":34,"minecraft:deepslate_gold_ore":4,"minecraft:sugar_cane":1,"minecraft:diorite":9,"minecraft:wall_torch":14,"minecraft:furnace":3,"minecraft:iron_ore":13,"minecraft:cobbled_deepslate":17,"minecraft:andesite":6,"treechop:chopped_log":8,"minecraft:grass":3,"minecraft:oak_log":22,"minecraft:coal_ore":20,"minecraft:deepslate_iron_ore":11,"minecraft:cobblestone_slab":4,"minecraft:gravel":10,"minecraft:dirt":23,"minecraft:stone":146,"minecraft:oak_leaves":6,"minecraft:deepslate":280},"minecraft:custom":{"minecraft:interact_with_furnace":18,"minecraft:mob_kills":17,"minecraft:interact_with_crafting_table":16,"minecraft:leave_game":3,"minecraft:time_since_death":677,"minecraft:time_since_rest":710,"minecraft:sprint_one_cm":125108,"minecraft:damage_taken":2545,"minecraft:walk_one_cm":237038,"minecraft:damage_blocked_by_shield":1410,"minecraft:drop":17,"minecraft:damage_dealt":3820,"minecraft:swim_one_cm":21097,"minecraft:player_kills":1,"minecraft:fly_one_cm":131952,"minecraft:open_chest":5,"minecraft:play_time":82188,"minecraft:crouch_one_cm":40123,"minecraft:deaths":7,"minecraft:sneak_time":14404,"minecraft:walk_under_water_one_cm":12698,"minecraft:jump":1086,"minecraft:walk_on_water_one_cm":39739,"minecraft:total_world_time":82188,"minecraft:fall_one_cm":26023},"minecraft:used":{"minecraft:water_bucket":2,"minecraft:stone_sword":32,"minecraft:stone_pickaxe":185,"minecraft:redstone":4,"minecraft:wooden_pickaxe":26,"minecraft:shield":28,"minecraft:iron_sword":42,"minecraft:cobblestone_slab":5,"minecraft:rotten_flesh":15,"minecraft:salmon":1,"minecraft:torch":80,"minecraft:dirt":11,"minecraft:crafting_table":9,"minecraft:granite":14,"minecraft:oak_log":8,"minecraft:apple":2,"minecraft:diamond_pickaxe":248,"minecraft:lava_bucket":1,"minecraft:chicken":1,"minecraft:iron_pickaxe":156,"minecraft:gravel":7,"minecraft:stone_axe":59,"minecraft:cobblestone":15,"minecraft:beef":4,"minecraft:oak_sapling":5,"minecraft:furnace":4,"minecraft:andesite":3,"minecraft:bucket":5,"minecraft:cooked_beef":4,"minecraft:cobbled_deepslate":37},"minecraft:killed":{"minecraft:salmon":1,"minecraft:creeper":1,"minecraft:skeleton":1,"minecraft:zombie":11,"minecraft:chicken":1,"minecraft:cow":2},"minecraft:picked_up":{"minecraft:birch_log":28,"minecraft:crafting_table":1,"minecraft:cooked_beef":7,"minecraft:feather":2,"minecraft:chicken":2,"minecraft:salmon":1,"minecraft:andesite":4,"minecraft:leather":2,"minecraft:wooden_pickaxe":3,"minecraft:flint":3,"minecraft:tuff":27,"minecraft:oak_log":73,"minecraft:shield":1,"minecraft:dirt":26,"minecraft:wooden_sword":1,"minecraft:apple":2,"minecraft:cobbled_deepslate":277,"minecraft:raw_gold":4,"minecraft:bucket":2,"minecraft:iron_ingot":1,"minecraft:beef":6,"minecraft:cobblestone_slab":5,"minecraft:iron_pickaxe":1,"minecraft:sugar_cane":6,"minecraft:birch_sapling":6,"minecraft:chest":2,"minecraft:iron_sword":2,"minecraft:oak_planks":36,"minecraft:furnace":3,"minecraft:stick":23,"minecraft:raw_iron":25,"minecraft:pumpkin":1,"minecraft:torch":27,"minecraft:gravel":7,"minecraft:diorite":9,"minecraft:redstone":27,"minecraft:mossy_cobblestone":1,"minecraft:stone_sword":1,"minecraft:rotten_flesh":15,"minecraft:diamond":2,"minecraft:stone_axe":2,"minecraft:granite":14,"minecraft:bone_meal":2,"minecraft:gold_ingot":3,"minecraft:oak_sapling":20,"minecraft:coal":28,"minecraft:cobblestone":184,"minecraft:diamond_pickaxe":3},"minecraft:crafted":{"minecraft:oak_planks":100,"minecraft:crafting_table":10,"minecraft:wooden_pickaxe":3,"minecraft:furnace":2,"minecraft:bucket":1,"minecraft:stone_axe":2,"minecraft:air":0,"minecraft:iron_chestplate":1,"minecraft:shield":2,"minecraft:stick":48,"minecraft:iron_ingot":20,"minecraft:stone_pickaxe":3,"minecraft:stone_sword":1,"minecraft:iron_leggings":1,"minecraft:torch":72},"minecraft:broken":{"minecraft:stone_pickaxe":1},"minecraft:killed_by":{"minecraft:player":4,"minecraft:skeleton":1},"minecraft:dropped":{"minecraft:iron_ingot":1,"minecraft:iron_sword":1,"minecraft:cooked_beef":3,"minecraft:diamond":1,"minecraft:stick":1,"minecraft:lava_bucket":1,"minecraft:shield":1,"minecraft:torch":18,"minecraft:wooden_sword":1,"minecraft:bucket":1}},"DataVersion":3465}