{"stats":{"minecraft:killed_by":{"minecraft:skeleton":1,"minecraft:creeper":1},"minecraft:picked_up":{"minecraft:crafting_table":5,"minecraft:leather":9,"minecraft:shield":1,"minecraft:acacia_boat":1,"minecraft:dirt":34,"minecraft:red_bed":1,"minecraft:orange_terracotta":8,"minecraft:bone":3,"minecraft:acacia_planks":45,"minecraft:wheat_seeds":33,"minecraft:beef":12,"minecraft:stone_pickaxe":3,"minecraft:acacia_sapling":10,"minecraft:furnace":3,"minecraft:stick":21,"minecraft:raw_iron":5,"minecraft:cooked_porkchop":1,"minecraft:torch":1,"minecraft:acacia_log":31,"minecraft:porkchop":5,"minecraft:spider_eye":2,"minecraft:dark_oak_planks":2,"minecraft:stone_sword":1,"minecraft:arrow":4,"minecraft:rotten_flesh":9,"minecraft:stone_axe":2,"minecraft:hay_block":14,"minecraft:dark_oak_fence":2,"minecraft:mutton":11,"minecraft:coal":38,"minecraft:white_wool":7,"minecraft:cobblestone":48},"minecraft:used":{"minecraft:cooked_mutton":3,"minecraft:acacia_boat":3,"minecraft:stone_pickaxe":56,"minecraft:wooden_pickaxe":6,"minecraft:torch":4,"minecraft:dirt":18,"minecraft:crafting_table":8,"minecraft:red_bed":1,"minecraft:dark_oak_planks":2,"minecraft:wooden_hoe":10,"minecraft:bread":4,"minecraft:iron_pickaxe":3,"minecraft:stone_axe":64,"minecraft:cobblestone":2,"minecraft:furnace":4,"minecraft:dark_oak_fence":2,"minecraft:porkchop":1,"minecraft:cooked_beef":2,"minecraft:orange_terracotta":6},"minecraft:crafted":{"minecraft:cooked_beef":4,"minecraft:cooked_porkchop":1,"minecraft:crafting_table":4,"minecraft:wooden_pickaxe":1,"minecraft:furnace":1,"minecraft:stone_axe":2,"minecraft:acacia_boat":2,"minecraft:cooked_mutton":4,"minecraft:air":0,"minecraft:wooden_hoe":1,"minecraft:shield":2,"minecraft:stick":12,"minecraft:iron_ingot":5,"minecraft:iron_pickaxe":1,"minecraft:stone_pickaxe":1,"minecraft:acacia_planks":24,"minecraft:torch":12,"minecraft:wheat":126},"minecraft:dropped":{"minecraft:cooked_beef":2,"minecraft:cooked_porkchop":2,"minecraft:cobblestone":7,"minecraft:rotten_flesh":2,"minecraft:acacia_log":3,"minecraft:leather_helmet":1,"minecraft:shield":2,"minecraft:mutton":1,"minecraft:acacia_planks":12},"minecraft:killed":{"minecraft:cave_spider":2,"minecraft:pig":1,"minecraft:skeleton":4,"minecraft:sheep":3,"minecraft:zombie":1,"minecraft:cow":2},"minecraft:custom":{"minecraft:interact_with_furnace":18,"minecraft:mob_kills":15,"minecraft:interact_with_crafting_table":16,"minecraft:leave_game":2,"minecraft:time_since_death":39578,"minecraft:sleep_in_bed":2,"minecraft:time_since_rest":13895,"minecraft:sprint_one_cm":173058,"minecraft:damage_taken":1025,"minecraft:walk_one_cm":102206,"minecraft:drop":12,"minecraft:damage_dealt":2509,"minecraft:swim_one_cm":11614,"minecraft:fly_one_cm":167749,"minecraft:open_chest":3,"minecraft:crouch_one_cm":12556,"minecraft:play_time":52555,"minecraft:deaths":2,"minecraft:sneak_time":2626,"minecraft:walk_under_water_one_cm":436,"minecraft:boat_one_cm":156768,"minecraft:jump":812,"minecraft:walk_on_water_one_cm":6715,"minecraft:total_world_time":52555,"minecraft:fall_one_cm":19864},"minecraft:mined":{"minecraft:dark_oak_planks":1,"minecraft:red_bed":1,"minecraft:orange_terracotta":3,"minecraft:crafting_table":4,"minecraft:torch":1,"minecraft:acacia_log":10,"minecraft:grass_block":3,"minecraft:tall_grass":28,"minecraft:hay_block":14,"minecraft:furnace":3,"minecraft:iron_ore":5,"treechop:chopped_log":2,"minecraft:grass":79,"minecraft:coal_ore":9,"minecraft:dirt":6,"minecraft:stone":37}},"DataVersion":3465}