{"stats":{"minecraft:custom":{"minecraft:mob_kills":8,"minecraft:interact_with_crafting_table":39,"minecraft:leave_game":1,"minecraft:time_since_death":18263,"minecraft:damage_resisted":9,"minecraft:sprint_one_cm":97015,"minecraft:walk_one_cm":157072,"minecraft:drop":16,"minecraft:play_time":71422,"minecraft:deaths":6,"minecraft:sneak_time":21612,"minecraft:walk_under_water_one_cm":2044,"minecraft:jump":458,"minecraft:walk_on_water_one_cm":1290,"minecraft:total_world_time":71422,"minecraft:interact_with_furnace":16,"minecraft:time_since_rest":18292,"minecraft:damage_taken":1820,"minecraft:damage_dealt":2008,"minecraft:fly_one_cm":85678,"minecraft:open_chest":95,"minecraft:crouch_one_cm":86735,"minecraft:fall_one_cm":1753},"minecraft:mined":{"minecraft:oak_sapling":2,"minecraft:farmland":26,"minecraft:granite":8,"minecraft:grass_block":34,"minecraft:birch_slab":48,"minecraft:tall_seagrass":1,"minecraft:furnace":2,"minecraft:iron_ore":9,"minecraft:snow":258,"minecraft:andesite":2,"minecraft:pumpkin":2,"minecraft:stone":36,"minecraft:podzol":14,"minecraft:gray_terracotta":2,"minecraft:oak_slab":29,"minecraft:snow_block":10,"minecraft:powder_snow":1,"minecraft:oak_fence":23,"minecraft:clay":8,"minecraft:crafting_table":4,"minecraft:calcite":8,"minecraft:melon":5,"minecraft:chest":13,"minecraft:cobblestone":2,"minecraft:copper_ore":9,"minecraft:diorite":3,"minecraft:amethyst_block":4,"minecraft:white_terracotta":4,"minecraft:birch_log":15,"minecraft:wheat":5,"minecraft:pumpkin_stem":1,"minecraft:coal_ore":3,"minecraft:oak_log":20,"minecraft:gravel":7,"minecraft:dirt":60,"minecraft:smooth_basalt":2,"minecraft:suspicious_gravel":1},"minecraft:crafted":{"minecraft:wooden_sword":1,"minecraft:oak_planks":172,"minecraft:stone_shovel":1,"minecraft:birch_slab":39,"minecraft:furnace":1,"minecraft:bone_meal":6,"minecraft:stone_pickaxe":3,"minecraft:chest":1,"minecraft:stone_hoe":1,"minecraft:oak_fence":18,"minecraft:cooked_beef":2,"minecraft:oak_slab":120,"minecraft:spruce_planks":8,"minecraft:wooden_pickaxe":1,"minecraft:bowl":4,"minecraft:bucket":1,"minecraft:birch_planks":64,"minecraft:stone_axe":3,"minecraft:air":0,"minecraft:wooden_hoe":1,"minecraft:stick":72,"minecraft:iron_ingot":4,"minecraft:wooden_axe":1,"minecraft:stone_sword":2,"minecraft:snow_block":59,"minecraft:iron_shovel":1,"minecraft:shears":2},"minecraft:used":{"minecraft:oak_fence":22,"minecraft:stone_sword":5,"minecraft:iron_shovel":200,"minecraft:stone_shovel":71,"minecraft:spruce_planks":1,"minecraft:chest":15,"minecraft:wooden_shovel":75,"minecraft:stone_hoe":25,"minecraft:dirt":139,"minecraft:wooden_axe":51,"minecraft:sweet_berries":2,"minecraft:furnace":2,"minecraft:oak_sapling":5,"minecraft:cooked_beef":1,"minecraft:pumpkin":2,"minecraft:calcite":6,"minecraft:wheat_seeds":12,"minecraft:water_bucket":7,"minecraft:diorite":3,"minecraft:snow_block":58,"minecraft:stone_pickaxe":119,"minecraft:wooden_pickaxe":3,"minecraft:oak_slab":151,"minecraft:crafting_table":2,"minecraft:mushroom_stew":2,"minecraft:shears":2,"minecraft:pumpkin_seeds":2,"minecraft:wooden_hoe":59,"minecraft:birch_slab":104,"minecraft:stone_axe":114,"minecraft:wooden_sword":18,"minecraft:bucket":7,"minecraft:bone_meal":7},"minecraft:killed":{"minecraft:spider":3,"minecraft:pig":1,"minecraft:polar_bear":1,"minecraft:goat":1,"minecraft:zombie":1,"minecraft:stray":1},"minecraft:picked_up":{"minecraft:wooden_axe":3,"minecraft:crafting_table":3,"minecraft:wheat":2,"minecraft:chicken":1,"minecraft:clay_ball":220,"minecraft:brown_mushroom":1,"minecraft:wooden_pickaxe":2,"minecraft:amethyst_block":64,"minecraft:string":10,"minecraft:raw_copper":257,"minecraft:iron_shovel":1,"minecraft:spruce_planks":66,"minecraft:beef":3,"minecraft:calcite":39,"minecraft:azalea":2,"minecraft:melon_slice":94,"minecraft:birch_sapling":3,"minecraft:chest":24,"minecraft:furnace":3,"minecraft:tipped_arrow":3,"minecraft:sheaf_pottery_sherd":4,"minecraft:stick":3,"minecraft:raw_iron":24,"minecraft:music_disc_relic":1,"minecraft:oak_fence":22,"minecraft:torch":4,"minecraft:bowl":1,"minecraft:porkchop":2,"minecraft:music_disc_11":1,"minecraft:diorite":49,"minecraft:rabbit_foot":6,"minecraft:howl_pottery_sherd":15,"minecraft:shaper_armor_trim_smithing_template":1,"minecraft:arrow":7,"minecraft:rotten_flesh":2,"minecraft:white_terracotta":28,"minecraft:snowball":307,"minecraft:rail":4,"minecraft:cobblestone":125,"minecraft:birch_log":24,"minecraft:feather":8,"minecraft:cooked_beef":1,"minecraft:golden_carrot":3,"minecraft:water_bucket":1,"minecraft:birch_slab":128,"minecraft:andesite":43,"minecraft:leather":11,"minecraft:music_disc_stal":1,"minecraft:red_mushroom":1,"minecraft:filled_map":1,"minecraft:mushroom_stew":2,"minecraft:flint":5,"minecraft:oak_log":43,"minecraft:dirt":200,"minecraft:paper":6,"minecraft:bone":3,"minecraft:apple":13,"minecraft:bow":1,"minecraft:gray_terracotta":8,"minecraft:wheat_seeds":14,"minecraft:raw_gold":53,"minecraft:rabbit_hide":6,"minecraft:stone_pickaxe":1,"minecraft:rabbit":9,"minecraft:flowering_azalea":2,"minecraft:oak_planks":40,"minecraft:oak_slab":71,"minecraft:glow_lichen":1,"minecraft:smooth_basalt":10,"minecraft:pumpkin":12,"minecraft:sweet_berries":3,"minecraft:dripstone_block":7,"minecraft:gravel":49,"minecraft:amethyst_shard":1,"minecraft:spruce_sapling":4,"minecraft:ink_sac":3,"minecraft:spruce_log":2,"minecraft:music_disc_mall":1,"minecraft:pumpkin_seeds":5,"minecraft:blue_terracotta":3,"minecraft:writable_book":1,"minecraft:granite":52,"minecraft:bone_meal":3,"minecraft:terracotta":12,"minecraft:oak_sapling":10,"minecraft:coal":34},"minecraft:killed_by":{"minecraft:zombie":1},"minecraft:broken":{"minecraft:wooden_shovel":1,"minecraft:wooden_hoe":1},"minecraft:dropped":{"minecraft:oak_slab":3,"minecraft:oak_log":3,"minecraft:cobblestone":4,"minecraft:birch_slab":1,"minecraft:mushroom_stew":2,"minecraft:stick":4,"minecraft:dirt":25,"minecraft:wooden_axe":2,"minecraft:bucket":1,"minecraft:bone":1,"minecraft:oak_planks":83}},"DataVersion":3700}