{"stats":{"minecraft:crafted":{"minecraft:cooked_beef":4,"minecraft:cooked_porkchop":1,"minecraft:crafting_table":2,"minecraft:stick":8,"minecraft:wooden_pickaxe":1,"minecraft:stone_pickaxe":1,"minecraft:furnace":1,"minecraft:acacia_planks":20,"minecraft:stone_axe":2,"minecraft:air":0,"minecraft:cooked_mutton":3,"minecraft:acacia_boat":1},"minecraft:killed":{"minecraft:skeleton":1,"minecraft:sheep":2,"minecraft:pig":1,"minecraft:cow":2},"minecraft:picked_up":{"minecraft:stick":11,"minecraft:crafting_table":3,"minecraft:leather":9,"minecraft:acacia_log":11,"minecraft:porkchop":5,"minecraft:acacia_boat":1,"minecraft:dirt":19,"minecraft:arrow":1,"minecraft:acacia_planks":17,"minecraft:stone_axe":1,"minecraft:wheat_seeds":32,"minecraft:beef":12,"minecraft:stone_pickaxe":2,"minecraft:coal":8,"minecraft:mutton":10,"minecraft:white_wool":6,"minecraft:cobblestone":26,"minecraft:furnace":1},"minecraft:mined":{"minecraft:furnace":1,"minecraft:crafting_table":2,"minecraft:grass":66,"minecraft:acacia_log":8,"minecraft:grass_block":3,"minecraft:coal_ore":9,"minecraft:dirt":6,"minecraft:tall_grass":24,"minecraft:stone":27},"minecraft:custom":{"minecraft:time_since_rest":5980,"minecraft:interact_with_furnace":12,"minecraft:sprint_one_cm":55552,"minecraft:damage_taken":675,"minecraft:walk_one_cm":27312,"minecraft:mob_kills":6,"minecraft:drop":6,"minecraft:damage_dealt":1072,"minecraft:swim_one_cm":9692,"minecraft:interact_with_crafting_table":7,"minecraft:fly_one_cm":84602,"minecraft:crouch_one_cm":7460,"minecraft:play_time":18925,"minecraft:deaths":2,"minecraft:sneak_time":1430,"minecraft:walk_under_water_one_cm":134,"minecraft:boat_one_cm":35395,"minecraft:jump":395,"minecraft:leave_game":1,"minecraft:walk_on_water_one_cm":3070,"minecraft:time_since_death":5948,"minecraft:total_world_time":18925,"minecraft:fall_one_cm":12060},"minecraft:used":{"minecraft:cooked_mutton":1,"minecraft:acacia_boat":1,"minecraft:stone_pickaxe":32,"minecraft:wooden_pickaxe":6,"minecraft:stone_axe":19,"minecraft:dirt":9,"minecraft:crafting_table":3,"minecraft:furnace":1,"minecraft:porkchop":1},"minecraft:dropped":{"minecraft:cooked_beef":2,"minecraft:mutton":1,"minecraft:cobblestone":7,"minecraft:acacia_log":3,"minecraft:acacia_planks":12},"minecraft:killed_by":{"minecraft:skeleton":1,"minecraft:creeper":1}},"DataVersion":3465}