{"stats":{"minecraft:killed_by":{"minecraft:skeleton":1,"minecraft:creeper":1},"minecraft:picked_up":{"minecraft:crafting_table":7,"minecraft:wheat":21,"minecraft:leather":9,"minecraft:oak_log":4,"minecraft:shield":1,"minecraft:acacia_boat":1,"minecraft:string":1,"minecraft:dirt":228,"minecraft:red_bed":2,"minecraft:orange_terracotta":8,"minecraft:bone":3,"minecraft:acacia_planks":45,"minecraft:apple":1,"minecraft:wheat_seeds":110,"minecraft:acacia_fence_gate":2,"minecraft:beef":12,"minecraft:stone_pickaxe":3,"minecraft:acacia_sapling":15,"minecraft:furnace":4,"minecraft:stick":22,"minecraft:raw_iron":6,"minecraft:cooked_porkchop":1,"minecraft:composter":1,"minecraft:torch":3,"minecraft:acacia_log":43,"minecraft:porkchop":5,"minecraft:spider_eye":3,"minecraft:dark_oak_planks":2,"minecraft:stone_sword":1,"minecraft:arrow":4,"minecraft:rotten_flesh":12,"minecraft:shears":1,"minecraft:stone_axe":2,"minecraft:hay_block":14,"minecraft:oak_sapling":2,"minecraft:acacia_slab":2,"minecraft:dark_oak_fence":2,"minecraft:mutton":11,"minecraft:coal":69,"minecraft:white_wool":20,"minecraft:cobblestone":59},"minecraft:used":{"minecraft:wheat_seeds":71,"minecraft:cooked_mutton":4,"minecraft:acacia_boat":3,"minecraft:water_bucket":4,"minecraft:iron_shovel":27,"minecraft:acacia_trapdoor":3,"minecraft:stone_shovel":153,"minecraft:stone_pickaxe":56,"minecraft:shield":2,"minecraft:chest":1,"minecraft:wooden_pickaxe":6,"minecraft:composter":3,"minecraft:stone_hoe":91,"minecraft:torch":10,"minecraft:dirt":194,"minecraft:crafting_table":10,"minecraft:red_bed":2,"minecraft:white_bed":3,"minecraft:dark_oak_planks":2,"minecraft:wooden_hoe":10,"minecraft:bread":8,"minecraft:acacia_slab":52,"minecraft:iron_pickaxe":19,"minecraft:acacia_fence_gate":3,"minecraft:stone_axe":99,"minecraft:cobblestone":3,"minecraft:furnace":5,"minecraft:dark_oak_fence":2,"minecraft:porkchop":1,"minecraft:bucket":4,"minecraft:cooked_beef":2,"minecraft:orange_terracotta":6},"minecraft:crafted":{"minecraft:cooked_beef":4,"minecraft:stone_shovel":1,"minecraft:cooked_porkchop":1,"minecraft:crafting_table":4,"minecraft:acacia_slab":63,"minecraft:wooden_pickaxe":1,"minecraft:acacia_trapdoor":4,"minecraft:acacia_fence_gate":2,"minecraft:furnace":1,"minecraft:bucket":1,"minecraft:stone_axe":2,"minecraft:bread":28,"minecraft:acacia_boat":2,"minecraft:cooked_mutton":4,"minecraft:air":0,"minecraft:wooden_hoe":1,"minecraft:shield":2,"minecraft:stick":24,"minecraft:iron_ingot":18,"minecraft:iron_pickaxe":1,"minecraft:stone_pickaxe":1,"minecraft:chest":1,"minecraft:iron_shovel":1,"minecraft:white_bed":3,"minecraft:composter":2,"minecraft:acacia_planks":148,"minecraft:torch":20,"minecraft:stone_hoe":1,"minecraft:shears":1,"minecraft:wheat":126},"minecraft:dropped":{"minecraft:bread":24,"minecraft:cooked_beef":2,"minecraft:cooked_porkchop":2,"minecraft:cobblestone":26,"minecraft:rotten_flesh":2,"minecraft:acacia_log":3,"minecraft:shears":1,"minecraft:leather_helmet":1,"minecraft:shield":2,"minecraft:mutton":1,"minecraft:acacia_planks":12},"minecraft:broken":{"minecraft:stone_shovel":1},"minecraft:killed":{"minecraft:cave_spider":2,"minecraft:pig":1,"minecraft:spider":1,"minecraft:skeleton":4,"minecraft:sheep":3,"minecraft:zombie":2,"minecraft:cow":2},"minecraft:custom":{"minecraft:interact_with_furnace":24,"minecraft:mob_kills":18,"minecraft:interact_with_crafting_table":39,"minecraft:leave_game":2,"minecraft:time_since_death":75578,"minecraft:sleep_in_bed":7,"minecraft:time_since_rest":12,"minecraft:sprint_one_cm":259117,"minecraft:damage_taken":1291,"minecraft:walk_one_cm":212348,"minecraft:damage_blocked_by_shield":60,"minecraft:drop":22,"minecraft:damage_dealt":3045,"minecraft:swim_one_cm":11614,"minecraft:fly_one_cm":259029,"minecraft:open_chest":6,"minecraft:crouch_one_cm":23312,"minecraft:play_time":88555,"minecraft:deaths":2,"minecraft:sneak_time":4886,"minecraft:walk_under_water_one_cm":436,"minecraft:boat_one_cm":156768,"minecraft:jump":1254,"minecraft:walk_on_water_one_cm":8630,"minecraft:total_world_time":88555,"minecraft:fall_one_cm":31131},"minecraft:mined":{"minecraft:dark_oak_planks":1,"minecraft:red_bed":2,"minecraft:orange_terracotta":3,"minecraft:crafting_table":6,"minecraft:torch":3,"minecraft:acacia_log":11,"minecraft:grass_block":123,"minecraft:tall_grass":40,"minecraft:acacia_slab":1,"minecraft:composter":1,"minecraft:hay_block":14,"minecraft:furnace":4,"minecraft:acacia_fence_gate":2,"minecraft:wheat":29,"minecraft:iron_ore":6,"treechop:chopped_log":5,"minecraft:grass":190,"minecraft:coal_ore":9,"minecraft:dirt":80,"minecraft:stone":48}},"DataVersion":3465}