{"stats":{"minecraft:crafted":{"minecraft:oak_planks":112,"minecraft:oak_slab":120,"minecraft:wooden_pickaxe":1,"minecraft:bowl":4,"minecraft:birch_slab":39,"minecraft:furnace":1,"minecraft:bucket":1,"minecraft:birch_planks":64,"minecraft:stone_axe":2,"minecraft:air":0,"minecraft:wooden_hoe":1,"minecraft:stick":28,"minecraft:iron_ingot":4,"minecraft:stone_pickaxe":2,"minecraft:wooden_axe":1,"minecraft:stone_sword":1,"minecraft:chest":1,"minecraft:stone_hoe":1,"minecraft:cooked_beef":2},"minecraft:custom":{"minecraft:interact_with_furnace":12,"minecraft:mob_kills":4,"minecraft:interact_with_crafting_table":30,"minecraft:time_since_death":40851,"minecraft:time_since_rest":40896,"minecraft:sprint_one_cm":49987,"minecraft:damage_taken":530,"minecraft:walk_one_cm":83524,"minecraft:drop":13,"minecraft:damage_dealt":1126,"minecraft:fly_one_cm":44666,"minecraft:open_chest":33,"minecraft:crouch_one_cm":57821,"minecraft:play_time":41507,"minecraft:deaths":1,"minecraft:sneak_time":14363,"minecraft:walk_under_water_one_cm":2044,"minecraft:jump":221,"minecraft:walk_on_water_one_cm":1172,"minecraft:total_world_time":41507,"minecraft:fall_one_cm":1484},"minecraft:mined":{"minecraft:podzol":14,"minecraft:gray_terracotta":2,"minecraft:oak_slab":16,"minecraft:oak_sapling":2,"minecraft:farmland":26,"minecraft:powder_snow":1,"minecraft:clay":8,"minecraft:crafting_table":2,"minecraft:granite":5,"minecraft:grass_block":34,"minecraft:calcite":5,"minecraft:melon":5,"minecraft:chest":5,"minecraft:copper_ore":9,"minecraft:birch_slab":16,"minecraft:diorite":3,"minecraft:amethyst_block":4,"minecraft:tall_seagrass":1,"minecraft:white_terracotta":4,"minecraft:furnace":1,"minecraft:birch_log":15,"minecraft:iron_ore":9,"minecraft:wheat":5,"minecraft:andesite":2,"minecraft:oak_log":20,"minecraft:coal_ore":3,"minecraft:gravel":7,"minecraft:dirt":32,"minecraft:smooth_basalt":2,"minecraft:stone":35,"minecraft:suspicious_gravel":1},"minecraft:used":{"minecraft:wheat_seeds":12,"minecraft:water_bucket":7,"minecraft:stone_sword":2,"minecraft:stone_pickaxe":107,"minecraft:chest":5,"minecraft:wooden_pickaxe":3,"minecraft:wooden_shovel":52,"minecraft:stone_hoe":22,"minecraft:dirt":125,"minecraft:oak_slab":138,"minecraft:crafting_table":2,"minecraft:mushroom_stew":2,"minecraft:wooden_axe":51,"minecraft:wooden_hoe":59,"minecraft:birch_slab":38,"minecraft:stone_axe":40,"minecraft:oak_sapling":5,"minecraft:furnace":2,"minecraft:bucket":7,"minecraft:cooked_beef":1,"minecraft:bone_meal":3},"minecraft:killed":{"minecraft:pig":1,"minecraft:spider":3},"minecraft:picked_up":{"minecraft:wooden_axe":2,"minecraft:birch_log":22,"minecraft:wheat":1,"minecraft:crafting_table":2,"minecraft:clay_ball":96,"minecraft:birch_slab":15,"minecraft:andesite":6,"minecraft:filled_map":1,"minecraft:flint":2,"minecraft:oak_log":43,"minecraft:amethyst_block":11,"minecraft:string":4,"minecraft:dirt":155,"minecraft:raw_copper":86,"minecraft:bone":2,"minecraft:gray_terracotta":2,"minecraft:wheat_seeds":14,"minecraft:raw_gold":4,"minecraft:rabbit_hide":1,"minecraft:calcite":11,"minecraft:rabbit":4,"minecraft:melon_slice":50,"minecraft:chest":9,"minecraft:oak_planks":40,"minecraft:flowering_azalea":1,"minecraft:furnace":1,"minecraft:smooth_basalt":3,"minecraft:oak_slab":24,"minecraft:stick":2,"minecraft:raw_iron":21,"minecraft:pumpkin":5,"minecraft:sweet_berries":2,"minecraft:gravel":9,"minecraft:porkchop":1,"minecraft:diorite":9,"minecraft:rabbit_foot":1,"minecraft:arrow":1,"minecraft:granite":10,"minecraft:bone_meal":3,"minecraft:white_terracotta":5,"minecraft:oak_sapling":3,"minecraft:coal":8,"minecraft:cobblestone":79},"minecraft:broken":{"minecraft:wooden_shovel":1,"minecraft:wooden_hoe":1},"minecraft:dropped":{"minecraft:oak_log":3,"minecraft:cobblestone":4,"minecraft:oak_planks":40,"minecraft:birch_slab":1,"minecraft:mushroom_stew":2,"minecraft:stick":4,"minecraft:dirt":25,"minecraft:wooden_axe":2,"minecraft:bucket":1}},"DataVersion":3700}