{"stats":{"minecraft:crafted":{"minecraft:cooked_beef":4,"minecraft:cooked_porkchop":1,"minecraft:crafting_table":2,"minecraft:wooden_pickaxe":1,"minecraft:furnace":1,"minecraft:stone_axe":2,"minecraft:cooked_mutton":3,"minecraft:acacia_boat":1,"minecraft:air":0,"minecraft:stick":8,"minecraft:stone_pickaxe":1,"minecraft:acacia_planks":20,"minecraft:torch":12},"minecraft:killed":{"minecraft:cave_spider":1,"minecraft:pig":1,"minecraft:sheep":2,"minecraft:skeleton":4,"minecraft:cow":2},"minecraft:picked_up":{"minecraft:crafting_table":3,"minecraft:leather":9,"minecraft:acacia_boat":1,"minecraft:dirt":19,"minecraft:orange_terracotta":6,"minecraft:bone":1,"minecraft:acacia_planks":17,"minecraft:wheat_seeds":32,"minecraft:beef":12,"minecraft:stone_pickaxe":2,"minecraft:furnace":1,"minecraft:raw_iron":4,"minecraft:stick":11,"minecraft:cooked_porkchop":1,"minecraft:acacia_log":11,"minecraft:porkchop":5,"minecraft:dark_oak_planks":2,"minecraft:arrow":3,"minecraft:stone_axe":1,"minecraft:mutton":10,"minecraft:dark_oak_fence":2,"minecraft:coal":8,"minecraft:white_wool":6,"minecraft:cobblestone":34},"minecraft:mined":{"minecraft:dark_oak_planks":1,"minecraft:orange_terracotta":1,"minecraft:crafting_table":2,"minecraft:acacia_log":8,"minecraft:grass_block":3,"minecraft:tall_grass":24,"minecraft:furnace":1,"minecraft:iron_ore":5,"minecraft:grass":66,"minecraft:coal_ore":9,"minecraft:dirt":6,"minecraft:stone":37},"minecraft:custom":{"minecraft:interact_with_furnace":12,"minecraft:mob_kills":10,"minecraft:interact_with_crafting_table":7,"minecraft:leave_game":1,"minecraft:time_since_death":14096,"minecraft:time_since_rest":14128,"minecraft:sprint_one_cm":112628,"minecraft:damage_taken":920,"minecraft:walk_one_cm":47387,"minecraft:drop":8,"minecraft:damage_dealt":1845,"minecraft:swim_one_cm":11614,"minecraft:fly_one_cm":90939,"minecraft:crouch_one_cm":9668,"minecraft:play_time":27073,"minecraft:deaths":2,"minecraft:sneak_time":1991,"minecraft:walk_under_water_one_cm":436,"minecraft:boat_one_cm":119238,"minecraft:jump":478,"minecraft:walk_on_water_one_cm":4116,"minecraft:total_world_time":27073,"minecraft:fall_one_cm":12538},"minecraft:used":{"minecraft:cooked_mutton":3,"minecraft:acacia_boat":2,"minecraft:stone_pickaxe":52,"minecraft:wooden_pickaxe":6,"minecraft:torch":3,"minecraft:dirt":9,"minecraft:crafting_table":3,"minecraft:dark_oak_planks":1,"minecraft:stone_axe":32,"minecraft:furnace":1,"minecraft:porkchop":1,"minecraft:cooked_beef":1,"minecraft:orange_terracotta":2},"minecraft:dropped":{"minecraft:cooked_beef":2,"minecraft:cooked_porkchop":2,"minecraft:cobblestone":7,"minecraft:acacia_log":3,"minecraft:mutton":1,"minecraft:acacia_planks":12},"minecraft:killed_by":{"minecraft:skeleton":1,"minecraft:creeper":1}},"DataVersion":3465}