{"stats":{"minecraft:mined":{"minecraft:tall_grass":1,"minecraft:birch_leaves":3},"minecraft:custom":{"minecraft:time_since_rest":1489,"minecraft:crouch_one_cm":1492,"minecraft:sprint_one_cm":17757,"minecraft:play_time":23842,"minecraft:damage_taken":407,"minecraft:deaths":2,"minecraft:walk_one_cm":17449,"minecraft:sneak_time":546,"minecraft:walk_under_water_one_cm":3304,"minecraft:drop":9,"minecraft:jump":138,"minecraft:damage_dealt":349,"minecraft:leave_game":6,"minecraft:walk_on_water_one_cm":4562,"minecraft:time_since_death":1460,"minecraft:total_world_time":23842,"minecraft:fall_one_cm":3953,"minecraft:fly_one_cm":171115,"minecraft:player_kills":1},"minecraft:used":{"minecraft:netherite_sword":2,"minecraft:water_bucket":1,"minecraft:sand":2,"minecraft:stone":1},"minecraft:picked_up":{"minecraft:raw_iron":1,"minecraft:bone":16,"minecraft:wooden_pickaxe":1,"minecraft:gold_ingot":3,"minecraft:iron_pickaxe":1,"minecraft:shield":2,"minecraft:iron_sword":1,"minecraft:cobblestone":1,"minecraft:diamond_pickaxe":1},"minecraft:killed_by":{"minecraft:player":1},"minecraft:dropped":{"minecraft:enchanted_golden_apple":1,"minecraft:stone_pickaxe":1,"minecraft:cooked_beef":6,"minecraft:stick":1}},"DataVersion":3465}