{"stats":{"minecraft:crafted":{"minecraft:oak_planks":108,"minecraft:oak_slab":90,"minecraft:wooden_pickaxe":1,"minecraft:birch_slab":39,"minecraft:furnace":1,"minecraft:bucket":1,"minecraft:birch_planks":64,"minecraft:stone_axe":1,"minecraft:air":0,"minecraft:wooden_hoe":1,"minecraft:stick":16,"minecraft:iron_ingot":3,"minecraft:stone_pickaxe":1,"minecraft:wooden_axe":1,"minecraft:cooked_beef":2},"minecraft:custom":{"minecraft:interact_with_furnace":7,"minecraft:mob_kills":4,"minecraft:interact_with_crafting_table":20,"minecraft:time_since_death":28851,"minecraft:time_since_rest":28896,"minecraft:sprint_one_cm":25438,"minecraft:damage_taken":503,"minecraft:walk_one_cm":52792,"minecraft:drop":10,"minecraft:damage_dealt":1001,"minecraft:fly_one_cm":25727,"minecraft:open_chest":21,"minecraft:crouch_one_cm":48815,"minecraft:play_time":29507,"minecraft:deaths":1,"minecraft:sneak_time":12087,"minecraft:walk_under_water_one_cm":2044,"minecraft:jump":140,"minecraft:walk_on_water_one_cm":824,"minecraft:total_world_time":29507,"minecraft:fall_one_cm":546},"minecraft:mined":{"minecraft:podzol":12,"minecraft:oak_slab":12,"minecraft:oak_sapling":1,"minecraft:farmland":26,"minecraft:clay":7,"minecraft:crafting_table":2,"minecraft:granite":1,"minecraft:grass_block":30,"minecraft:calcite":2,"minecraft:melon":5,"minecraft:chest":5,"minecraft:copper_ore":4,"minecraft:birch_slab":14,"minecraft:diorite":1,"minecraft:amethyst_block":1,"minecraft:furnace":1,"minecraft:birch_log":12,"minecraft:iron_ore":4,"minecraft:wheat":3,"minecraft:andesite":1,"minecraft:oak_log":17,"minecraft:coal_ore":1,"minecraft:gravel":4,"minecraft:dirt":17,"minecraft:stone":18},"minecraft:used":{"minecraft:wheat_seeds":7,"minecraft:water_bucket":2,"minecraft:stone_pickaxe":45,"minecraft:chest":4,"minecraft:wooden_pickaxe":3,"minecraft:wooden_shovel":52,"minecraft:dirt":81,"minecraft:oak_slab":108,"minecraft:crafting_table":2,"minecraft:wooden_axe":51,"minecraft:wooden_hoe":53,"minecraft:birch_slab":38,"minecraft:stone_axe":27,"minecraft:oak_sapling":4,"minecraft:furnace":2,"minecraft:bucket":2,"minecraft:cooked_beef":1},"minecraft:killed":{"minecraft:pig":1,"minecraft:spider":3},"minecraft:picked_up":{"minecraft:wooden_axe":2,"minecraft:birch_log":18,"minecraft:crafting_table":2,"minecraft:clay_ball":88,"minecraft:birch_slab":13,"minecraft:andesite":4,"minecraft:flint":1,"minecraft:oak_log":38,"minecraft:amethyst_block":3,"minecraft:string":4,"minecraft:dirt":126,"minecraft:raw_copper":53,"minecraft:wheat_seeds":9,"minecraft:rabbit_hide":1,"minecraft:calcite":5,"minecraft:rabbit":4,"minecraft:melon_slice":44,"minecraft:chest":9,"minecraft:oak_planks":40,"minecraft:flowering_azalea":1,"minecraft:furnace":1,"minecraft:oak_slab":19,"minecraft:stick":2,"minecraft:raw_iron":7,"minecraft:pumpkin":5,"minecraft:gravel":4,"minecraft:porkchop":1,"minecraft:diorite":3,"minecraft:rabbit_foot":1,"minecraft:granite":2,"minecraft:oak_sapling":1,"minecraft:coal":5,"minecraft:cobblestone":39},"minecraft:broken":{"minecraft:wooden_shovel":1},"minecraft:dropped":{"minecraft:oak_log":3,"minecraft:cobblestone":4,"minecraft:oak_planks":40,"minecraft:birch_slab":1,"minecraft:stick":4,"minecraft:dirt":25,"minecraft:wooden_axe":2}},"DataVersion":3700}