{"stats":{"minecraft:killed_by":{"minecraft:skeleton":1,"minecraft:creeper":1},"minecraft:picked_up":{"minecraft:crafting_table":7,"minecraft:wheat":21,"minecraft:leather":9,"minecraft:oak_log":4,"minecraft:shield":1,"minecraft:acacia_boat":1,"minecraft:string":1,"minecraft:dirt":182,"minecraft:red_bed":2,"minecraft:orange_terracotta":8,"minecraft:bone":3,"minecraft:acacia_planks":45,"minecraft:apple":1,"minecraft:wheat_seeds":109,"minecraft:beef":12,"minecraft:stone_pickaxe":3,"minecraft:acacia_sapling":15,"minecraft:furnace":4,"minecraft:stick":22,"minecraft:raw_iron":5,"minecraft:cooked_porkchop":1,"minecraft:composter":1,"minecraft:torch":3,"minecraft:acacia_log":43,"minecraft:porkchop":5,"minecraft:spider_eye":3,"minecraft:dark_oak_planks":2,"minecraft:stone_sword":1,"minecraft:arrow":4,"minecraft:rotten_flesh":12,"minecraft:stone_axe":2,"minecraft:hay_block":14,"minecraft:oak_sapling":2,"minecraft:acacia_slab":2,"minecraft:dark_oak_fence":2,"minecraft:mutton":11,"minecraft:coal":69,"minecraft:white_wool":20,"minecraft:cobblestone":48},"minecraft:used":{"minecraft:wheat_seeds":71,"minecraft:cooked_mutton":4,"minecraft:acacia_boat":3,"minecraft:water_bucket":3,"minecraft:stone_shovel":153,"minecraft:stone_pickaxe":56,"minecraft:chest":1,"minecraft:wooden_pickaxe":6,"minecraft:composter":3,"minecraft:stone_hoe":91,"minecraft:torch":6,"minecraft:dirt":156,"minecraft:crafting_table":10,"minecraft:red_bed":2,"minecraft:dark_oak_planks":2,"minecraft:wooden_hoe":10,"minecraft:bread":8,"minecraft:acacia_slab":42,"minecraft:iron_pickaxe":4,"minecraft:acacia_fence_gate":2,"minecraft:stone_axe":95,"minecraft:cobblestone":2,"minecraft:furnace":5,"minecraft:dark_oak_fence":2,"minecraft:porkchop":1,"minecraft:bucket":3,"minecraft:cooked_beef":2,"minecraft:orange_terracotta":6},"minecraft:crafted":{"minecraft:cooked_beef":4,"minecraft:stone_shovel":1,"minecraft:cooked_porkchop":1,"minecraft:crafting_table":4,"minecraft:acacia_slab":57,"minecraft:wooden_pickaxe":1,"minecraft:acacia_fence_gate":2,"minecraft:furnace":1,"minecraft:bucket":1,"minecraft:stone_axe":2,"minecraft:bread":21,"minecraft:acacia_boat":2,"minecraft:cooked_mutton":4,"minecraft:air":0,"minecraft:wooden_hoe":1,"minecraft:shield":2,"minecraft:stick":20,"minecraft:iron_ingot":18,"minecraft:iron_pickaxe":1,"minecraft:stone_pickaxe":1,"minecraft:chest":1,"minecraft:composter":2,"minecraft:acacia_planks":148,"minecraft:torch":12,"minecraft:stone_hoe":1,"minecraft:shears":1,"minecraft:wheat":126},"minecraft:dropped":{"minecraft:cooked_beef":2,"minecraft:cooked_porkchop":2,"minecraft:cobblestone":26,"minecraft:rotten_flesh":2,"minecraft:acacia_log":3,"minecraft:leather_helmet":1,"minecraft:shield":2,"minecraft:mutton":1,"minecraft:acacia_planks":12},"minecraft:broken":{"minecraft:stone_shovel":1},"minecraft:killed":{"minecraft:cave_spider":2,"minecraft:pig":1,"minecraft:spider":1,"minecraft:skeleton":4,"minecraft:sheep":3,"minecraft:zombie":2,"minecraft:cow":2},"minecraft:custom":{"minecraft:interact_with_furnace":23,"minecraft:mob_kills":18,"minecraft:interact_with_crafting_table":34,"minecraft:leave_game":2,"minecraft:time_since_death":63578,"minecraft:sleep_in_bed":6,"minecraft:time_since_rest":6698,"minecraft:sprint_one_cm":241216,"minecraft:damage_taken":1170,"minecraft:walk_one_cm":189187,"minecraft:drop":13,"minecraft:damage_dealt":2810,"minecraft:swim_one_cm":11614,"minecraft:fly_one_cm":229231,"minecraft:open_chest":6,"minecraft:crouch_one_cm":18456,"minecraft:play_time":76555,"minecraft:deaths":2,"minecraft:sneak_time":3772,"minecraft:walk_under_water_one_cm":436,"minecraft:boat_one_cm":156768,"minecraft:jump":1094,"minecraft:walk_on_water_one_cm":6928,"minecraft:total_world_time":76555,"minecraft:fall_one_cm":27119},"minecraft:mined":{"minecraft:dark_oak_planks":1,"minecraft:red_bed":2,"minecraft:orange_terracotta":3,"minecraft:crafting_table":6,"minecraft:torch":3,"minecraft:acacia_log":11,"minecraft:grass_block":118,"minecraft:tall_grass":40,"minecraft:acacia_slab":1,"minecraft:composter":1,"minecraft:hay_block":14,"minecraft:furnace":4,"minecraft:wheat":29,"minecraft:iron_ore":5,"treechop:chopped_log":5,"minecraft:grass":189,"minecraft:coal_ore":9,"minecraft:dirt":38,"minecraft:stone":37}},"DataVersion":3465}