{"stats":{"minecraft:killed_by":{"minecraft:skeleton":1,"minecraft:creeper":1},"minecraft:picked_up":{"minecraft:crafting_table":7,"minecraft:leather":9,"minecraft:shield":1,"minecraft:acacia_boat":1,"minecraft:dirt":134,"minecraft:red_bed":2,"minecraft:orange_terracotta":8,"minecraft:bone":3,"minecraft:acacia_planks":45,"minecraft:wheat_seeds":38,"minecraft:beef":12,"minecraft:stone_pickaxe":3,"minecraft:acacia_sapling":15,"minecraft:furnace":4,"minecraft:stick":22,"minecraft:raw_iron":5,"minecraft:cooked_porkchop":1,"minecraft:torch":3,"minecraft:acacia_log":43,"minecraft:porkchop":5,"minecraft:spider_eye":2,"minecraft:dark_oak_planks":2,"minecraft:stone_sword":1,"minecraft:arrow":4,"minecraft:rotten_flesh":11,"minecraft:stone_axe":2,"minecraft:hay_block":14,"minecraft:dark_oak_fence":2,"minecraft:mutton":11,"minecraft:coal":69,"minecraft:white_wool":7,"minecraft:cobblestone":48},"minecraft:used":{"minecraft:cooked_mutton":4,"minecraft:acacia_boat":3,"minecraft:stone_shovel":113,"minecraft:stone_pickaxe":56,"minecraft:chest":1,"minecraft:wooden_pickaxe":6,"minecraft:stone_hoe":4,"minecraft:torch":6,"minecraft:dirt":69,"minecraft:crafting_table":10,"minecraft:red_bed":2,"minecraft:dark_oak_planks":2,"minecraft:wooden_hoe":10,"minecraft:bread":5,"minecraft:iron_pickaxe":4,"minecraft:stone_axe":82,"minecraft:cobblestone":2,"minecraft:furnace":5,"minecraft:dark_oak_fence":2,"minecraft:porkchop":1,"minecraft:cooked_beef":2,"minecraft:orange_terracotta":6},"minecraft:crafted":{"minecraft:cooked_beef":4,"minecraft:stone_shovel":1,"minecraft:cooked_porkchop":1,"minecraft:crafting_table":4,"minecraft:wooden_pickaxe":1,"minecraft:furnace":1,"minecraft:stone_axe":2,"minecraft:bread":21,"minecraft:acacia_boat":2,"minecraft:cooked_mutton":4,"minecraft:air":0,"minecraft:wooden_hoe":1,"minecraft:shield":2,"minecraft:stick":12,"minecraft:iron_ingot":5,"minecraft:iron_pickaxe":1,"minecraft:stone_pickaxe":1,"minecraft:chest":1,"minecraft:acacia_planks":32,"minecraft:torch":12,"minecraft:stone_hoe":1,"minecraft:wheat":126},"minecraft:dropped":{"minecraft:cooked_beef":2,"minecraft:cooked_porkchop":2,"minecraft:cobblestone":26,"minecraft:rotten_flesh":2,"minecraft:acacia_log":3,"minecraft:leather_helmet":1,"minecraft:shield":2,"minecraft:mutton":1,"minecraft:acacia_planks":12},"minecraft:killed":{"minecraft:cave_spider":2,"minecraft:pig":1,"minecraft:skeleton":4,"minecraft:sheep":3,"minecraft:zombie":2,"minecraft:cow":2},"minecraft:custom":{"minecraft:interact_with_furnace":19,"minecraft:mob_kills":16,"minecraft:interact_with_crafting_table":26,"minecraft:leave_game":2,"minecraft:time_since_death":51578,"minecraft:sleep_in_bed":3,"minecraft:time_since_rest":10550,"minecraft:sprint_one_cm":201133,"minecraft:damage_taken":1050,"minecraft:walk_one_cm":136377,"minecraft:drop":13,"minecraft:damage_dealt":2599,"minecraft:swim_one_cm":11614,"minecraft:fly_one_cm":196163,"minecraft:open_chest":4,"minecraft:crouch_one_cm":15048,"minecraft:play_time":64555,"minecraft:deaths":2,"minecraft:sneak_time":3035,"minecraft:walk_under_water_one_cm":436,"minecraft:boat_one_cm":156768,"minecraft:jump":940,"minecraft:walk_on_water_one_cm":6715,"minecraft:total_world_time":64555,"minecraft:fall_one_cm":23742},"minecraft:mined":{"minecraft:dark_oak_planks":1,"minecraft:red_bed":2,"minecraft:orange_terracotta":3,"minecraft:crafting_table":6,"minecraft:torch":3,"minecraft:acacia_log":11,"minecraft:grass_block":98,"minecraft:tall_grass":34,"minecraft:hay_block":14,"minecraft:furnace":4,"minecraft:iron_ore":5,"treechop:chopped_log":4,"minecraft:grass":111,"minecraft:coal_ore":9,"minecraft:dirt":12,"minecraft:stone":37}},"DataVersion":3465}