{"stats":{"minecraft:custom":{"minecraft:mob_kills":5,"minecraft:interact_with_crafting_table":35,"minecraft:leave_game":1,"minecraft:time_since_death":6263,"minecraft:damage_resisted":9,"minecraft:sprint_one_cm":79154,"minecraft:walk_one_cm":129311,"minecraft:drop":16,"minecraft:play_time":59422,"minecraft:deaths":6,"minecraft:sneak_time":17853,"minecraft:walk_under_water_one_cm":2044,"minecraft:jump":400,"minecraft:walk_on_water_one_cm":1172,"minecraft:total_world_time":59422,"minecraft:interact_with_furnace":13,"minecraft:time_since_rest":6292,"minecraft:damage_taken":1730,"minecraft:damage_dealt":1535,"minecraft:fly_one_cm":73441,"minecraft:open_chest":62,"minecraft:crouch_one_cm":71564,"minecraft:fall_one_cm":1753},"minecraft:mined":{"minecraft:oak_sapling":2,"minecraft:farmland":26,"minecraft:granite":5,"minecraft:grass_block":34,"minecraft:birch_slab":26,"minecraft:tall_seagrass":1,"minecraft:furnace":1,"minecraft:iron_ore":9,"minecraft:snow":220,"minecraft:andesite":2,"minecraft:pumpkin":2,"minecraft:stone":35,"minecraft:podzol":14,"minecraft:gray_terracotta":2,"minecraft:oak_slab":16,"minecraft:powder_snow":1,"minecraft:oak_fence":7,"minecraft:clay":8,"minecraft:crafting_table":2,"minecraft:calcite":5,"minecraft:melon":5,"minecraft:chest":9,"minecraft:copper_ore":9,"minecraft:diorite":3,"minecraft:amethyst_block":4,"minecraft:white_terracotta":4,"minecraft:birch_log":15,"minecraft:wheat":5,"minecraft:pumpkin_stem":1,"minecraft:coal_ore":3,"minecraft:oak_log":20,"minecraft:gravel":7,"minecraft:dirt":35,"minecraft:smooth_basalt":2,"minecraft:suspicious_gravel":1},"minecraft:crafted":{"minecraft:oak_planks":172,"minecraft:birch_slab":39,"minecraft:furnace":1,"minecraft:bone_meal":6,"minecraft:stone_pickaxe":2,"minecraft:chest":1,"minecraft:stone_hoe":1,"minecraft:oak_fence":18,"minecraft:cooked_beef":2,"minecraft:oak_slab":120,"minecraft:spruce_planks":8,"minecraft:wooden_pickaxe":1,"minecraft:bowl":4,"minecraft:bucket":1,"minecraft:birch_planks":64,"minecraft:stone_axe":2,"minecraft:air":0,"minecraft:wooden_hoe":1,"minecraft:stick":60,"minecraft:iron_ingot":4,"minecraft:wooden_axe":1,"minecraft:stone_sword":1,"minecraft:snow_block":45,"minecraft:iron_shovel":1,"minecraft:shears":2},"minecraft:used":{"minecraft:oak_fence":22,"minecraft:stone_sword":2,"minecraft:iron_shovel":200,"minecraft:spruce_planks":1,"minecraft:chest":13,"minecraft:wooden_shovel":75,"minecraft:stone_hoe":25,"minecraft:dirt":135,"minecraft:wooden_axe":51,"minecraft:sweet_berries":2,"minecraft:furnace":2,"minecraft:oak_sapling":5,"minecraft:cooked_beef":1,"minecraft:pumpkin":2,"minecraft:calcite":6,"minecraft:wheat_seeds":12,"minecraft:water_bucket":7,"minecraft:diorite":3,"minecraft:snow_block":44,"minecraft:stone_pickaxe":109,"minecraft:wooden_pickaxe":3,"minecraft:oak_slab":141,"minecraft:crafting_table":2,"minecraft:mushroom_stew":2,"minecraft:shears":2,"minecraft:pumpkin_seeds":2,"minecraft:wooden_hoe":59,"minecraft:birch_slab":62,"minecraft:stone_axe":58,"minecraft:wooden_sword":12,"minecraft:bucket":7,"minecraft:bone_meal":7},"minecraft:killed":{"minecraft:spider":3,"minecraft:pig":1,"minecraft:zombie":1},"minecraft:picked_up":{"minecraft:wooden_axe":2,"minecraft:crafting_table":2,"minecraft:wheat":1,"minecraft:chicken":1,"minecraft:clay_ball":96,"minecraft:wooden_pickaxe":1,"minecraft:amethyst_block":21,"minecraft:string":4,"minecraft:raw_copper":86,"minecraft:iron_shovel":1,"minecraft:spruce_planks":66,"minecraft:beef":3,"minecraft:calcite":17,"minecraft:melon_slice":50,"minecraft:chest":17,"minecraft:furnace":1,"minecraft:tipped_arrow":3,"minecraft:stick":3,"minecraft:raw_iron":21,"minecraft:oak_fence":7,"minecraft:torch":1,"minecraft:bowl":1,"minecraft:porkchop":1,"minecraft:music_disc_11":1,"minecraft:diorite":14,"minecraft:rabbit_foot":2,"minecraft:arrow":7,"minecraft:rotten_flesh":2,"minecraft:white_terracotta":11,"minecraft:snowball":229,"minecraft:rail":1,"minecraft:cobblestone":122,"minecraft:birch_log":22,"minecraft:water_bucket":1,"minecraft:birch_slab":117,"minecraft:andesite":7,"minecraft:leather":2,"minecraft:music_disc_stal":1,"minecraft:filled_map":1,"minecraft:flint":2,"minecraft:oak_log":43,"minecraft:dirt":183,"minecraft:bone":3,"minecraft:bow":1,"minecraft:gray_terracotta":2,"minecraft:wheat_seeds":14,"minecraft:raw_gold":4,"minecraft:rabbit_hide":1,"minecraft:stone_pickaxe":1,"minecraft:rabbit":4,"minecraft:flowering_azalea":1,"minecraft:oak_planks":40,"minecraft:oak_slab":58,"minecraft:smooth_basalt":3,"minecraft:pumpkin":7,"minecraft:sweet_berries":2,"minecraft:gravel":9,"minecraft:spruce_sapling":4,"minecraft:spruce_log":2,"minecraft:pumpkin_seeds":5,"minecraft:blue_terracotta":3,"minecraft:granite":10,"minecraft:bone_meal":3,"minecraft:terracotta":5,"minecraft:oak_sapling":9,"minecraft:coal":8},"minecraft:killed_by":{"minecraft:zombie":1},"minecraft:broken":{"minecraft:wooden_shovel":1,"minecraft:wooden_hoe":1},"minecraft:dropped":{"minecraft:oak_slab":3,"minecraft:oak_log":3,"minecraft:cobblestone":4,"minecraft:birch_slab":1,"minecraft:mushroom_stew":2,"minecraft:stick":4,"minecraft:dirt":25,"minecraft:wooden_axe":2,"minecraft:bucket":1,"minecraft:bone":1,"minecraft:oak_planks":83}},"DataVersion":3700}