{"stats":{"minecraft:killed_by":{"minecraft:skeleton":1,"minecraft:creeper":1},"minecraft:picked_up":{"minecraft:crafting_table":7,"minecraft:wheat":22,"minecraft:leather":12,"minecraft:oak_log":4,"minecraft:brewing_stand":1,"minecraft:shield":1,"minecraft:acacia_boat":1,"minecraft:string":1,"minecraft:dirt":254,"minecraft:red_bed":2,"minecraft:orange_terracotta":8,"minecraft:bone":4,"minecraft:acacia_planks":45,"minecraft:apple":1,"minecraft:wheat_seeds":112,"minecraft:cartography_table":1,"minecraft:acacia_fence_gate":2,"minecraft:beef":12,"minecraft:stone_pickaxe":3,"minecraft:chest":3,"minecraft:acacia_sapling":15,"minecraft:furnace":4,"minecraft:stick":22,"minecraft:raw_iron":6,"minecraft:cooked_porkchop":1,"minecraft:composter":1,"minecraft:torch":3,"minecraft:acacia_log":43,"minecraft:porkchop":5,"minecraft:white_bed":3,"minecraft:leather_helmet":1,"minecraft:spider_eye":3,"minecraft:dark_oak_planks":2,"minecraft:stone_sword":1,"minecraft:arrow":4,"minecraft:rotten_flesh":12,"minecraft:shears":1,"minecraft:stone_axe":2,"minecraft:hay_block":14,"minecraft:bread":3,"minecraft:oak_sapling":2,"minecraft:acacia_slab":4,"minecraft:dark_oak_fence":2,"minecraft:mutton":11,"minecraft:coal":69,"minecraft:white_wool":20,"minecraft:cobblestone":59},"minecraft:used":{"minecraft:wheat_seeds":71,"minecraft:cooked_mutton":4,"minecraft:acacia_boat":3,"minecraft:water_bucket":4,"minecraft:iron_shovel":27,"minecraft:acacia_trapdoor":5,"minecraft:stone_shovel":153,"minecraft:stone_pickaxe":56,"minecraft:shield":3,"minecraft:chest":1,"minecraft:wooden_pickaxe":6,"minecraft:composter":3,"minecraft:stone_hoe":91,"minecraft:torch":10,"minecraft:dirt":240,"minecraft:crafting_table":10,"minecraft:red_bed":2,"minecraft:white_bed":6,"minecraft:dark_oak_planks":2,"minecraft:wooden_hoe":16,"minecraft:bread":14,"minecraft:acacia_slab":58,"minecraft:iron_pickaxe":22,"minecraft:acacia_fence_gate":3,"minecraft:stone_axe":112,"minecraft:cobblestone":3,"minecraft:furnace":5,"minecraft:dark_oak_fence":2,"minecraft:porkchop":1,"minecraft:bucket":4,"minecraft:cooked_beef":2,"minecraft:orange_terracotta":6},"minecraft:crafted":{"minecraft:cooked_beef":4,"minecraft:stone_shovel":1,"minecraft:cooked_porkchop":1,"minecraft:crafting_table":4,"minecraft:acacia_slab":75,"minecraft:wooden_pickaxe":1,"minecraft:acacia_trapdoor":5,"minecraft:acacia_fence_gate":2,"minecraft:furnace":1,"minecraft:bone_meal":3,"minecraft:bucket":1,"minecraft:stone_axe":2,"minecraft:bread":49,"minecraft:acacia_boat":2,"minecraft:cooked_mutton":4,"minecraft:air":0,"minecraft:wooden_hoe":1,"minecraft:shield":2,"minecraft:stick":24,"minecraft:iron_ingot":18,"minecraft:iron_pickaxe":1,"minecraft:stone_pickaxe":1,"minecraft:chest":1,"minecraft:iron_shovel":1,"minecraft:white_bed":3,"minecraft:composter":2,"minecraft:acacia_planks":148,"minecraft:torch":20,"minecraft:stone_hoe":1,"minecraft:shears":1,"minecraft:wheat":126},"minecraft:dropped":{"minecraft:bread":24,"minecraft:cooked_beef":2,"minecraft:cooked_porkchop":2,"minecraft:cobblestone":26,"minecraft:rotten_flesh":2,"minecraft:acacia_log":3,"minecraft:shears":1,"minecraft:leather_helmet":1,"minecraft:shield":2,"minecraft:mutton":1,"minecraft:acacia_planks":12},"minecraft:broken":{"minecraft:stone_shovel":1},"minecraft:killed":{"minecraft:cave_spider":2,"minecraft:pig":1,"minecraft:spider":1,"minecraft:skeleton":5,"minecraft:sheep":3,"minecraft:zombie":2,"minecraft:cow":2},"minecraft:custom":{"minecraft:interact_with_furnace":25,"minecraft:mob_kills":19,"minecraft:interact_with_crafting_table":42,"minecraft:leave_game":2,"minecraft:time_since_death":87578,"minecraft:sleep_in_bed":7,"minecraft:time_since_rest":12012,"minecraft:sprint_one_cm":284509,"minecraft:damage_taken":1351,"minecraft:walk_one_cm":232263,"minecraft:damage_blocked_by_shield":85,"minecraft:drop":22,"minecraft:damage_dealt":3075,"minecraft:talked_to_villager":3,"minecraft:swim_one_cm":11614,"minecraft:fly_one_cm":291262,"minecraft:open_chest":10,"minecraft:crouch_one_cm":26576,"minecraft:play_time":100555,"minecraft:deaths":2,"minecraft:sneak_time":5702,"minecraft:walk_under_water_one_cm":436,"minecraft:boat_one_cm":156768,"minecraft:jump":1414,"minecraft:walk_on_water_one_cm":10953,"minecraft:total_world_time":100555,"minecraft:fall_one_cm":35104},"minecraft:mined":{"minecraft:dark_oak_planks":1,"minecraft:red_bed":2,"minecraft:orange_terracotta":3,"minecraft:brewing_stand":1,"minecraft:crafting_table":6,"minecraft:torch":3,"minecraft:acacia_log":11,"minecraft:grass_block":123,"minecraft:chest":3,"minecraft:tall_grass":40,"minecraft:acacia_slab":3,"minecraft:composter":1,"minecraft:cartography_table":1,"minecraft:hay_block":14,"minecraft:furnace":4,"minecraft:acacia_fence_gate":2,"minecraft:wheat":29,"minecraft:iron_ore":6,"treechop:chopped_log":5,"minecraft:grass":195,"minecraft:coal_ore":9,"minecraft:dirt":86,"minecraft:stone":48}},"DataVersion":3465}