{"stats":{"minecraft:mined":{"minecraft:birch_leaves":3,"treechop:chopped_log":3,"minecraft:grass":2,"minecraft:grass_block":2,"minecraft:chest":1,"minecraft:dirt":4,"minecraft:tall_grass":1,"minecraft:stone":6,"minecraft:oak_leaves":2},"minecraft:custom":{"minecraft:time_since_rest":5145,"minecraft:damage_absorbed":368,"minecraft:walk_one_cm":61723,"minecraft:sprint_one_cm":50683,"minecraft:damage_taken":1228,"minecraft:drop":70,"minecraft:damage_dealt":457,"minecraft:swim_one_cm":6860,"minecraft:interact_with_crafting_table":2,"minecraft:player_kills":1,"minecraft:fly_one_cm":285109,"minecraft:open_chest":4,"minecraft:crouch_one_cm":4186,"minecraft:play_time":47842,"minecraft:deaths":4,"minecraft:sneak_time":1364,"minecraft:walk_under_water_one_cm":8319,"minecraft:jump":433,"minecraft:leave_game":6,"minecraft:time_since_death":5118,"minecraft:walk_on_water_one_cm":13884,"minecraft:total_world_time":47842,"minecraft:damage_resisted":170,"minecraft:fall_one_cm":10231},"minecraft:used":{"minecraft:oak_log":2,"minecraft:water_bucket":1,"minecraft:netherite_sword":2,"minecraft:wooden_pickaxe":6,"minecraft:stone":1,"minecraft:golden_apple":4,"minecraft:dirt":1,"minecraft:sand":2,"minecraft:bow":10,"minecraft:lingering_potion":3,"minecraft:enchanted_golden_apple":4},"minecraft:picked_up":{"minecraft:birch_log":1,"minecraft:stick":8,"minecraft:raw_iron":1,"minecraft:wooden_pickaxe":1,"minecraft:oak_log":8,"minecraft:shield":2,"minecraft:dirt":6,"minecraft:bone":16,"minecraft:birch_sapling":1,"minecraft:chest":1,"minecraft:golden_apple":54,"minecraft:gold_ingot":3,"minecraft:enchanted_golden_apple":29,"minecraft:oak_planks":15,"minecraft:iron_pickaxe":1,"minecraft:oak_sapling":1,"minecraft:sugar_cane":3,"minecraft:iron_sword":1,"minecraft:cobblestone":7,"minecraft:diamond_pickaxe":1},"minecraft:crafted":{"minecraft:oak_planks":24,"minecraft:wooden_pickaxe":1,"minecraft:stone_pickaxe":1},"minecraft:killed_by":{"minecraft:player":3},"minecraft:dropped":{"minecraft:cooked_beef":6,"minecraft:baked_potato":12,"minecraft:enchanted_golden_apple":37,"minecraft:bow":1,"minecraft:stone_pickaxe":1,"minecraft:golden_apple":7,"minecraft:stick":6}},"DataVersion":3465}