{"stats":{"minecraft:crafted":{"minecraft:oak_slab":60,"minecraft:oak_planks":56,"minecraft:stick":12,"minecraft:iron_ingot":3,"minecraft:wooden_pickaxe":1,"minecraft:stone_pickaxe":1,"minecraft:wooden_axe":1,"minecraft:birch_slab":39,"minecraft:furnace":1,"minecraft:bucket":1,"minecraft:birch_planks":64,"minecraft:stone_axe":1,"minecraft:air":0},"minecraft:custom":{"minecraft:time_since_rest":16896,"minecraft:interact_with_furnace":6,"minecraft:sprint_one_cm":5528,"minecraft:damage_taken":346,"minecraft:walk_one_cm":25660,"minecraft:drop":9,"minecraft:damage_dealt":355,"minecraft:interact_with_crafting_table":12,"minecraft:fly_one_cm":5404,"minecraft:open_chest":12,"minecraft:crouch_one_cm":24604,"minecraft:play_time":17507,"minecraft:deaths":1,"minecraft:sneak_time":6317,"minecraft:walk_under_water_one_cm":2044,"minecraft:jump":35,"minecraft:walk_on_water_one_cm":824,"minecraft:time_since_death":16851,"minecraft:total_world_time":17507},"minecraft:mined":{"minecraft:podzol":11,"minecraft:oak_slab":3,"minecraft:farmland":5,"minecraft:iron_ore":3,"minecraft:birch_log":12,"minecraft:wheat":1,"minecraft:andesite":1,"minecraft:clay":6,"minecraft:coal_ore":1,"minecraft:grass_block":30,"minecraft:oak_log":17,"minecraft:melon":5,"minecraft:chest":5,"minecraft:gravel":4,"minecraft:dirt":15,"minecraft:copper_ore":4,"minecraft:stone":15,"minecraft:amethyst_block":1},"minecraft:used":{"minecraft:wooden_axe":51,"minecraft:birch_slab":16,"minecraft:stone_pickaxe":26,"minecraft:wooden_pickaxe":3,"minecraft:chest":4,"minecraft:wooden_shovel":44,"minecraft:stone_axe":4,"minecraft:dirt":26,"minecraft:oak_slab":63,"minecraft:furnace":1,"minecraft:oak_sapling":4,"minecraft:bucket":1},"minecraft:picked_up":{"minecraft:birch_log":18,"minecraft:oak_slab":3,"minecraft:raw_iron":4,"minecraft:clay_ball":84,"minecraft:pumpkin":5,"minecraft:andesite":1,"minecraft:gravel":4,"minecraft:flint":1,"minecraft:oak_log":38,"minecraft:amethyst_block":2,"minecraft:dirt":106,"minecraft:raw_copper":26,"minecraft:wheat_seeds":4,"minecraft:melon_slice":44,"minecraft:chest":8,"minecraft:oak_planks":40,"minecraft:flowering_azalea":1,"minecraft:coal":1,"minecraft:cobblestone":27,"minecraft:wooden_axe":2},"minecraft:dropped":{"minecraft:dirt":25,"minecraft:oak_log":3,"minecraft:wooden_axe":2,"minecraft:cobblestone":4,"minecraft:oak_planks":40,"minecraft:stick":4}},"DataVersion":3700}