{"stats":{"minecraft:crafted":{"minecraft:acacia_planks":16,"minecraft:stone_axe":1,"minecraft:crafting_table":1,"minecraft:stick":8,"minecraft:stone_pickaxe":1,"minecraft:wooden_pickaxe":1},"minecraft:picked_up":{"minecraft:crafting_table":1,"minecraft:wheat_seeds":3,"minecraft:acacia_log":7,"minecraft:dirt":9,"minecraft:cobblestone":6},"minecraft:mined":{"minecraft:grass":29,"minecraft:acacia_log":7,"minecraft:grass_block":3,"minecraft:dirt":6,"minecraft:tall_grass":9,"minecraft:stone":6,"minecraft:crafting_table":1},"minecraft:custom":{"minecraft:time_since_rest":4065,"minecraft:crouch_one_cm":1969,"minecraft:play_time":4065,"minecraft:sprint_one_cm":7595,"minecraft:damage_taken":20,"minecraft:walk_one_cm":1613,"minecraft:sneak_time":556,"minecraft:jump":81,"minecraft:time_since_death":4065,"minecraft:total_world_time":4065,"minecraft:interact_with_crafting_table":2,"minecraft:fall_one_cm":1509,"minecraft:fly_one_cm":9478},"minecraft:used":{"minecraft:stone_axe":4,"minecraft:dirt":9,"minecraft:crafting_table":1,"minecraft:wooden_pickaxe":6}},"DataVersion":3465}