{"stats":{"minecraft:mined":{"minecraft:grass":1,"minecraft:dirt":1,"minecraft:tall_grass":1,"minecraft:birch_leaves":3},"minecraft:custom":{"minecraft:time_since_rest":9863,"minecraft:crouch_one_cm":2459,"minecraft:sprint_one_cm":31490,"minecraft:play_time":35842,"minecraft:damage_taken":845,"minecraft:deaths":3,"minecraft:walk_one_cm":37032,"minecraft:sneak_time":919,"minecraft:walk_under_water_one_cm":7180,"minecraft:drop":26,"minecraft:jump":240,"minecraft:damage_dealt":394,"minecraft:leave_game":6,"minecraft:walk_on_water_one_cm":12856,"minecraft:time_since_death":9821,"minecraft:total_world_time":35842,"minecraft:swim_one_cm":4226,"minecraft:fall_one_cm":6073,"minecraft:fly_one_cm":231075,"minecraft:player_kills":1},"minecraft:used":{"minecraft:netherite_sword":2,"minecraft:water_bucket":1,"minecraft:dirt":1,"minecraft:sand":2,"minecraft:bow":10,"minecraft:lingering_potion":3,"minecraft:stone":1},"minecraft:picked_up":{"minecraft:stick":4,"minecraft:raw_iron":1,"minecraft:bone":16,"minecraft:wooden_pickaxe":1,"minecraft:gold_ingot":3,"minecraft:iron_pickaxe":1,"minecraft:shield":2,"minecraft:dirt":1,"minecraft:iron_sword":1,"minecraft:cobblestone":1,"minecraft:diamond_pickaxe":1},"minecraft:killed_by":{"minecraft:player":2},"minecraft:dropped":{"minecraft:enchanted_golden_apple":1,"minecraft:stone_pickaxe":1,"minecraft:cooked_beef":6,"minecraft:baked_potato":12,"minecraft:stick":6}},"DataVersion":3465}