{"stats":{"minecraft:killed_by":{"minecraft:creeper":1,"minecraft:skeleton":1},"minecraft:used":{"minecraft:stone_sword":9,"minecraft:iron_shovel":31,"minecraft:stone_shovel":153,"minecraft:ladder":3,"minecraft:chest":7,"minecraft:shield":3,"minecraft:stone_hoe":92,"minecraft:torch":10,"minecraft:dirt":267,"minecraft:dark_oak_planks":2,"minecraft:acacia_slab":74,"minecraft:furnace":6,"minecraft:egg":1,"minecraft:cooked_beef":2,"minecraft:acacia_planks":2,"minecraft:orange_terracotta":8,"minecraft:wheat_seeds":219,"minecraft:cooked_mutton":4,"minecraft:acacia_boat":3,"minecraft:water_bucket":4,"minecraft:acacia_trapdoor":6,"minecraft:stone_pickaxe":56,"minecraft:wooden_pickaxe":6,"minecraft:composter":3,"minecraft:crafting_table":11,"minecraft:red_bed":3,"minecraft:white_bed":6,"minecraft:smoker":1,"minecraft:wooden_hoe":16,"minecraft:bread":20,"minecraft:iron_pickaxe":24,"minecraft:acacia_fence_gate":3,"minecraft:stone_axe":133,"minecraft:cobblestone":5,"minecraft:porkchop":1,"minecraft:dark_oak_fence":2,"minecraft:bucket":4},"minecraft:picked_up":{"minecraft:crafting_table":8,"minecraft:wheat":25,"minecraft:ladder":2,"minecraft:brewing_stand":1,"minecraft:shield":1,"minecraft:string":1,"minecraft:red_bed":3,"minecraft:cartography_table":1,"minecraft:beef":12,"minecraft:acacia_fence_gate":2,"minecraft:melon_slice":3,"minecraft:chest":6,"minecraft:egg":1,"minecraft:furnace":5,"minecraft:raw_iron":7,"minecraft:stick":32,"minecraft:composter":1,"minecraft:torch":12,"minecraft:acacia_log":57,"minecraft:porkchop":5,"minecraft:cauldron":4,"minecraft:dark_oak_planks":2,"minecraft:stone_sword":2,"minecraft:arrow":7,"minecraft:rotten_flesh":12,"minecraft:shears":1,"minecraft:hay_block":14,"minecraft:mutton":11,"minecraft:cobblestone":59,"minecraft:white_wool":23,"minecraft:leather":15,"minecraft:smoker":1,"minecraft:oak_log":4,"minecraft:acacia_boat":1,"minecraft:dirt":267,"minecraft:orange_terracotta":10,"minecraft:bone":7,"minecraft:acacia_planks":45,"minecraft:apple":1,"minecraft:wheat_seeds":416,"minecraft:acacia_trapdoor":1,"minecraft:stone_pickaxe":5,"minecraft:acacia_sapling":20,"minecraft:cooked_porkchop":1,"minecraft:white_bed":3,"minecraft:spider_eye":5,"minecraft:leather_helmet":1,"minecraft:stone_axe":3,"minecraft:bone_meal":6,"minecraft:bread":3,"minecraft:oak_sapling":5,"minecraft:acacia_slab":17,"minecraft:melon_seeds":4,"minecraft:dark_oak_fence":2,"minecraft:coal":69},"minecraft:crafted":{"minecraft:stone_shovel":1,"minecraft:furnace":1,"minecraft:acacia_fence_gate":2,"minecraft:bone_meal":3,"minecraft:cooked_mutton":4,"minecraft:ladder":3,"minecraft:stone_pickaxe":1,"minecraft:chest":1,"minecraft:stone_hoe":1,"minecraft:wheat":126,"minecraft:cooked_beef":4,"minecraft:cooked_porkchop":1,"minecraft:crafting_table":4,"minecraft:acacia_slab":75,"minecraft:wooden_pickaxe":1,"minecraft:acacia_trapdoor":5,"minecraft:bucket":1,"minecraft:stone_axe":2,"minecraft:acacia_boat":2,"minecraft:bread":70,"minecraft:air":0,"minecraft:wooden_hoe":1,"minecraft:shield":2,"minecraft:stick":24,"minecraft:iron_ingot":18,"minecraft:iron_pickaxe":1,"minecraft:iron_shovel":1,"minecraft:white_bed":3,"minecraft:composter":2,"minecraft:acacia_planks":148,"minecraft:torch":20,"minecraft:shears":1},"minecraft:dropped":{"minecraft:stone_hoe":1,"minecraft:bread":30,"minecraft:wheat_seeds":65,"minecraft:cooked_beef":2,"minecraft:cooked_porkchop":2,"minecraft:cobblestone":26,"minecraft:acacia_log":3,"minecraft:leather_helmet":1,"minecraft:wooden_hoe":1,"minecraft:mutton":1,"minecraft:acacia_fence_gate":1,"minecraft:string":1,"minecraft:acacia_planks":12,"minecraft:rotten_flesh":2,"minecraft:shears":1,"minecraft:shield":2},"minecraft:broken":{"minecraft:stone_shovel":1},"minecraft:killed":{"minecraft:cave_spider":2,"minecraft:spider":1,"minecraft:skeleton":5,"minecraft:pig":1,"minecraft:sheep":3,"minecraft:zombie":2,"minecraft:cow":2},"minecraft:custom":{"minecraft:mob_kills":19,"minecraft:interact_with_crafting_table":45,"minecraft:leave_game":2,"minecraft:time_since_death":129578,"minecraft:climb_one_cm":1619,"minecraft:sprint_one_cm":358980,"minecraft:walk_one_cm":314031,"minecraft:damage_blocked_by_shield":85,"minecraft:drop":97,"minecraft:talked_to_villager":3,"minecraft:play_time":142555,"minecraft:deaths":2,"minecraft:sneak_time":8535,"minecraft:walk_under_water_one_cm":436,"minecraft:boat_one_cm":159558,"minecraft:jump":1883,"minecraft:walk_on_water_one_cm":10985,"minecraft:total_world_time":142555,"minecraft:interact_with_furnace":26,"minecraft:sleep_in_bed":9,"minecraft:time_since_rest":18734,"minecraft:damage_taken":1673,"minecraft:damage_dealt":3157,"minecraft:swim_one_cm":11614,"minecraft:fly_one_cm":400519,"minecraft:open_chest":22,"minecraft:crouch_one_cm":38940,"minecraft:fall_one_cm":47617},"minecraft:mined":{"minecraft:dark_oak_planks":1,"minecraft:brewing_stand":1,"minecraft:ladder":2,"minecraft:acacia_log":12,"minecraft:grass_block":131,"minecraft:acacia_slab":12,"minecraft:composter":1,"minecraft:cartography_table":1,"minecraft:hay_block":14,"minecraft:furnace":5,"minecraft:iron_ore":6,"treechop:chopped_log":7,"minecraft:stone":48,"minecraft:red_bed":3,"minecraft:melon_stem":2,"minecraft:orange_terracotta":4,"minecraft:crafting_table":7,"minecraft:torch":3,"minecraft:melon":1,"minecraft:chest":6,"minecraft:tall_grass":43,"minecraft:acacia_fence_gate":2,"minecraft:wheat":67,"minecraft:grass":263,"minecraft:coal_ore":9,"minecraft:dirt":91}},"DataVersion":3465}