{"stats":{"minecraft:mined":{"minecraft:tuff":31,"minecraft:mossy_cobblestone":1,"minecraft:deepslate_diamond_ore":19,"minecraft:crafting_table":5,"minecraft:granite":10,"minecraft:grass_block":10,"minecraft:rose_bush":2,"minecraft:cobblestone":2,"minecraft:spruce_leaves":2,"minecraft:diorite":2,"minecraft:wall_torch":7,"minecraft:spawner":1,"minecraft:furnace":9,"minecraft:birch_log":2,"minecraft:iron_ore":8,"minecraft:cobbled_deepslate":2,"minecraft:sweet_berry_bush":6,"minecraft:spruce_log":11,"minecraft:birch_leaves":3,"minecraft:pumpkin":1,"minecraft:grass":5,"minecraft:coal_ore":24,"minecraft:deepslate_iron_ore":12,"minecraft:gravel":1,"minecraft:sand":1,"minecraft:dirt":15,"minecraft:stone":209,"minecraft:gold_ore":1,"minecraft:deepslate":392},"minecraft:custom":{"minecraft:interact_with_furnace":28,"minecraft:mob_kills":9,"minecraft:interact_with_crafting_table":16,"minecraft:leave_game":4,"minecraft:time_since_death":7378,"minecraft:time_since_rest":7547,"minecraft:sprint_one_cm":125000,"minecraft:damage_taken":1015,"minecraft:walk_one_cm":82498,"minecraft:damage_dealt":1466,"minecraft:swim_one_cm":215012,"minecraft:fly_one_cm":221328,"minecraft:player_kills":2,"minecraft:crouch_one_cm":56538,"minecraft:play_time":60917,"minecraft:deaths":2,"minecraft:sneak_time":21659,"minecraft:walk_under_water_one_cm":10735,"minecraft:jump":973,"minecraft:walk_on_water_one_cm":17041,"minecraft:total_world_time":60917,"minecraft:fall_one_cm":20572},"minecraft:used":{"minecraft:stone_sword":16,"minecraft:stone_pickaxe":267,"minecraft:wooden_pickaxe":29,"minecraft:diamond_axe":2,"minecraft:cooked_salmon":4,"minecraft:rotten_flesh":2,"minecraft:dirt":24,"minecraft:crafting_table":8,"minecraft:granite":3,"minecraft:iron_pickaxe":435,"minecraft:stone_axe":21,"minecraft:wooden_sword":20,"minecraft:cobblestone":86,"minecraft:beef":2,"minecraft:sweet_berries":9,"minecraft:furnace":6,"minecraft:cooked_beef":2,"minecraft:cobbled_deepslate":170},"minecraft:killed":{"minecraft:salmon":4,"minecraft:creeper":1,"minecraft:zombie":2,"minecraft:cow":2},"minecraft:picked_up":{"minecraft:birch_log":2,"minecraft:iron_chestplate":1,"minecraft:crafting_table":10,"minecraft:salmon":4,"minecraft:leather":8,"minecraft:tuff":62,"minecraft:oak_log":1,"minecraft:shield":1,"minecraft:gunpowder":4,"minecraft:dirt":24,"minecraft:cooked_salmon":2,"minecraft:diamond_leggings":1,"minecraft:cobbled_deepslate":674,"minecraft:raw_gold":1,"minecraft:spruce_planks":1,"minecraft:beef":4,"minecraft:iron_ingot":4,"minecraft:rose_bush":2,"minecraft:iron_pickaxe":1,"minecraft:iron_sword":1,"minecraft:oak_planks":4,"minecraft:furnace":14,"minecraft:stick":17,"minecraft:raw_iron":21,"minecraft:pumpkin":1,"minecraft:sweet_berries":8,"minecraft:torch":10,"minecraft:gravel":1,"minecraft:sand":2,"minecraft:diorite":4,"minecraft:spruce_log":15,"minecraft:mossy_cobblestone":2,"minecraft:stone_sword":2,"minecraft:rotten_flesh":2,"minecraft:diamond":24,"minecraft:stone_axe":1,"minecraft:diamond_boots":1,"minecraft:iron_helmet":1,"minecraft:diamond_axe":1,"minecraft:granite":17,"minecraft:gold_ingot":1,"minecraft:oak_sapling":2,"minecraft:coal":105,"minecraft:cobblestone":312},"minecraft:broken":{"minecraft:stone_pickaxe":2,"minecraft:iron_pickaxe":1},"minecraft:crafted":{"minecraft:cooked_beef":2,"minecraft:wooden_sword":1,"minecraft:diamond_axe":1,"minecraft:crafting_table":2,"minecraft:spruce_planks":12,"minecraft:wooden_pickaxe":2,"minecraft:iron_helmet":1,"minecraft:furnace":2,"minecraft:cooked_salmon":4,"minecraft:birch_planks":8,"minecraft:stone_axe":1,"minecraft:air":0,"minecraft:diamond_leggings":1,"minecraft:iron_chestplate":1,"minecraft:stick":12,"minecraft:iron_ingot":15,"minecraft:iron_pickaxe":2,"minecraft:stone_pickaxe":2,"minecraft:stone_sword":1,"minecraft:diamond_boots":1,"minecraft:gold_ingot":1},"minecraft:killed_by":{"minecraft:player":1}},"DataVersion":3465}