{"stats":{"minecraft:killed":{"minecraft:spider":1,"minecraft:skeleton":15,"minecraft:zombie_villager":1,"minecraft:creeper":8,"minecraft:sheep":1,"minecraft:goat":3,"minecraft:zombie":21,"minecraft:mooshroom":1,"minecraft:stray":2},"minecraft:used":{"minecraft:oak_fence":33,"minecraft:iron_shovel":5,"minecraft:chest":8,"minecraft:wooden_shovel":17,"minecraft:rotten_flesh":2,"minecraft:torch":3,"minecraft:dirt":130,"minecraft:spyglass":7,"minecraft:carrot":1,"minecraft:granite":7,"minecraft:wooden_axe":25,"minecraft:dark_oak_planks":10,"minecraft:iron_axe":69,"minecraft:dark_oak_slab":6,"minecraft:raw_gold_block":5,"minecraft:oak_sapling":6,"minecraft:furnace":2,"minecraft:egg":5,"minecraft:cooked_beef":2,"minecraft:wheat_seeds":40,"minecraft:water_bucket":1,"minecraft:stone_pickaxe":177,"minecraft:wooden_pickaxe":61,"minecraft:oak_slab":280,"minecraft:crafting_table":2,"minecraft:iron_pickaxe":202,"minecraft:stone_axe":147,"minecraft:cobblestone":2,"minecraft:bucket":1,"minecraft:bone_meal":4,"minecraft:golden_pickaxe":32},"minecraft:custom":{"minecraft:mob_kills":54,"minecraft:interact_with_crafting_table":28,"minecraft:leave_game":2,"minecraft:time_since_death":28734,"minecraft:damage_resisted":18,"minecraft:sprint_one_cm":126440,"minecraft:walk_one_cm":186715,"minecraft:drop":9,"minecraft:play_time":87585,"minecraft:deaths":10,"minecraft:sneak_time":29309,"minecraft:walk_under_water_one_cm":578,"minecraft:jump":443,"minecraft:walk_on_water_one_cm":3544,"minecraft:total_world_time":87585,"minecraft:interact_with_furnace":28,"minecraft:time_since_rest":28779,"minecraft:damage_taken":2919,"minecraft:damage_dealt":4844,"minecraft:fly_one_cm":76263,"minecraft:player_kills":2,"minecraft:open_chest":153,"minecraft:crouch_one_cm":100505,"minecraft:fall_one_cm":2484},"minecraft:broken":{"minecraft:wooden_pickaxe":1,"minecraft:stone_pickaxe":2,"minecraft:stone_axe":1,"minecraft:golden_pickaxe":1,"minecraft:wooden_axe":1},"minecraft:picked_up":{"minecraft:wooden_axe":2,"minecraft:crafting_table":2,"minecraft:wheat":8,"minecraft:clay_ball":20,"minecraft:wooden_pickaxe":2,"minecraft:amethyst_block":27,"minecraft:raw_copper":88,"minecraft:deepslate_tiles":7,"minecraft:cobbled_deepslate":49,"minecraft:spruce_planks":4,"minecraft:beef":5,"minecraft:calcite":38,"minecraft:wooden_shovel":3,"minecraft:chest":18,"minecraft:egg":3,"minecraft:furnace":3,"minecraft:tipped_arrow":1,"minecraft:golden_helmet":1,"minecraft:stick":18,"minecraft:raw_iron":30,"minecraft:raw_gold_block":10,"minecraft:oak_fence":12,"minecraft:music_disc_11":1,"minecraft:diorite":37,"minecraft:rabbit_foot":1,"minecraft:dark_oak_planks":5,"minecraft:howl_pottery_sherd":5,"minecraft:shaper_armor_trim_smithing_template":1,"minecraft:arrow":5,"minecraft:rotten_flesh":11,"minecraft:deepslate_bricks":5,"minecraft:white_terracotta":5,"minecraft:snowball":29,"minecraft:cobblestone":94,"minecraft:heartbreak_pottery_sherd":5,"minecraft:birch_log":7,"minecraft:feather":4,"minecraft:water_bucket":1,"minecraft:andesite":34,"minecraft:leather":2,"minecraft:birch_planks":13,"minecraft:tuff":16,"minecraft:oak_log":53,"minecraft:gunpowder":1,"minecraft:lapis_lazuli":35,"minecraft:dirt":97,"minecraft:paper":6,"minecraft:leather_boots":2,"minecraft:bone":11,"minecraft:wheat_seeds":26,"minecraft:raw_gold":5,"minecraft:rabbit_hide":2,"minecraft:iron_ingot":3,"minecraft:rabbit":1,"minecraft:oak_planks":5,"minecraft:oak_slab":79,"minecraft:smooth_basalt":20,"minecraft:sweet_berries":1,"minecraft:raw_iron_block":1,"minecraft:dripstone_block":7,"minecraft:gravel":23,"minecraft:amethyst_shard":1,"minecraft:spruce_sapling":11,"minecraft:spruce_log":9,"minecraft:dark_oak_log":15,"minecraft:leather_helmet":1,"minecraft:blue_terracotta":3,"minecraft:diamond":5,"minecraft:stone_axe":2,"minecraft:writable_book":1,"minecraft:granite":48,"minecraft:terracotta":10,"minecraft:oak_sapling":9,"minecraft:coal":26},"minecraft:killed_by":{"minecraft:player":3,"minecraft:stray":1,"minecraft:polar_bear":1},"minecraft:crafted":{"minecraft:oak_planks":208,"minecraft:iron_axe":1,"minecraft:dark_oak_planks":36,"minecraft:oak_fence":27,"minecraft:cooked_beef":2,"minecraft:oak_slab":282,"minecraft:crafting_table":1,"minecraft:spruce_planks":4,"minecraft:wooden_pickaxe":1,"minecraft:golden_pickaxe":1,"minecraft:bucket":1,"minecraft:birch_planks":16,"minecraft:stone_axe":1,"minecraft:air":0,"minecraft:dark_oak_slab":6,"minecraft:stick":48,"minecraft:iron_ingot":47,"minecraft:iron_pickaxe":2,"minecraft:wooden_axe":2},"minecraft:dropped":{"minecraft:leather_helmet":1,"minecraft:coal":2,"minecraft:wooden_axe":2,"minecraft:bucket":1,"minecraft:bone":5,"minecraft:leather_boots":1,"minecraft:glow_squid_spawn_egg":1},"minecraft:mined":{"minecraft:dark_oak_planks":6,"minecraft:deepslate_tiles":7,"minecraft:diamond_ore":4,"minecraft:tuff":19,"minecraft:oak_sapling":1,"minecraft:deepslate_diamond_ore":1,"minecraft:dark_oak_log":15,"minecraft:granite":15,"minecraft:budding_amethyst":15,"minecraft:grass_block":40,"minecraft:deepslate_bricks":5,"minecraft:raw_iron_block":1,"minecraft:furnace":2,"minecraft:raw_gold_block":4,"minecraft:iron_ore":1,"minecraft:andesite":12,"minecraft:pumpkin":1,"minecraft:deepslate_lapis_ore":5,"minecraft:deepslate_iron_ore":23,"minecraft:packed_ice":12,"minecraft:stone":33,"minecraft:podzol":3,"minecraft:oak_slab":3,"minecraft:powder_snow":2,"minecraft:oak_fence":8,"minecraft:clay":7,"minecraft:crafting_table":1,"minecraft:calcite":18,"minecraft:chest":9,"minecraft:copper_ore":6,"minecraft:deepslate_coal_ore":20,"minecraft:deepslate_gold_ore":2,"minecraft:diorite":14,"minecraft:amethyst_block":23,"minecraft:deepslate_copper_ore":10,"minecraft:white_terracotta":7,"minecraft:blue_terracotta":1,"minecraft:birch_log":3,"minecraft:blue_ice":5,"minecraft:sweet_berry_bush":1,"minecraft:wheat":10,"minecraft:ice":3,"minecraft:spruce_log":10,"minecraft:coal_ore":3,"minecraft:oak_log":38,"minecraft:gravel":13,"minecraft:dripstone_block":4,"minecraft:dirt":2,"minecraft:smooth_basalt":22,"minecraft:terracotta":2,"minecraft:gold_ore":1,"minecraft:oak_leaves":77,"minecraft:deepslate":56,"minecraft:suspicious_gravel":29}},"DataVersion":3700}