{"stats":{"minecraft:crafted":{"minecraft:oak_slab":282,"minecraft:oak_planks":208,"minecraft:crafting_table":1,"minecraft:wooden_pickaxe":1,"minecraft:birch_planks":16,"minecraft:air":0,"minecraft:stick":32,"minecraft:iron_ingot":17,"minecraft:wooden_axe":2,"minecraft:oak_fence":27,"minecraft:cooked_beef":1},"minecraft:custom":{"minecraft:interact_with_furnace":10,"minecraft:mob_kills":3,"minecraft:interact_with_crafting_table":15,"minecraft:time_since_death":11795,"minecraft:damage_resisted":18,"minecraft:time_since_rest":11820,"minecraft:sprint_one_cm":55375,"minecraft:damage_taken":1989,"minecraft:walk_one_cm":107842,"minecraft:drop":3,"minecraft:damage_dealt":1191,"minecraft:fly_one_cm":39234,"minecraft:player_kills":2,"minecraft:open_chest":61,"minecraft:crouch_one_cm":68541,"minecraft:play_time":41495,"minecraft:deaths":7,"minecraft:sneak_time":15583,"minecraft:walk_under_water_one_cm":578,"minecraft:jump":269,"minecraft:walk_on_water_one_cm":3388,"minecraft:total_world_time":41495,"minecraft:fall_one_cm":1586},"minecraft:mined":{"minecraft:podzol":2,"minecraft:oak_slab":2,"minecraft:oak_sapling":1,"minecraft:powder_snow":1,"minecraft:clay":4,"minecraft:oak_fence":5,"minecraft:granite":1,"minecraft:grass_block":20,"minecraft:chest":1,"minecraft:birch_log":1,"minecraft:wheat":2,"minecraft:pumpkin":1,"minecraft:oak_log":19,"minecraft:coal_ore":2,"minecraft:gravel":2,"minecraft:dirt":1,"minecraft:stone":1,"minecraft:oak_leaves":76,"minecraft:suspicious_gravel":2},"minecraft:used":{"minecraft:oak_fence":33,"minecraft:wheat_seeds":7,"minecraft:water_bucket":1,"minecraft:chest":5,"minecraft:wooden_pickaxe":50,"minecraft:wooden_shovel":17,"minecraft:dirt":130,"minecraft:oak_slab":279,"minecraft:crafting_table":1,"minecraft:carrot":1,"minecraft:granite":7,"minecraft:wooden_axe":23,"minecraft:stone_axe":32,"minecraft:oak_sapling":6,"minecraft:egg":5,"minecraft:bone_meal":4},"minecraft:killed":{"minecraft:sheep":1,"minecraft:mooshroom":1,"minecraft:stray":1},"minecraft:picked_up":{"minecraft:wooden_axe":2,"minecraft:birch_log":4,"minecraft:andesite":3,"minecraft:clay_ball":12,"minecraft:leather":2,"minecraft:wooden_pickaxe":2,"minecraft:birch_planks":13,"minecraft:oak_log":30,"minecraft:amethyst_block":2,"minecraft:dirt":70,"minecraft:raw_copper":4,"minecraft:wheat_seeds":4,"minecraft:beef":5,"minecraft:calcite":8,"minecraft:wooden_shovel":3,"minecraft:rabbit":1,"minecraft:chest":4,"minecraft:oak_planks":5,"minecraft:egg":2,"minecraft:oak_slab":72,"minecraft:stick":12,"minecraft:oak_fence":9,"minecraft:gravel":1,"minecraft:diorite":1,"minecraft:granite":9,"minecraft:white_terracotta":1,"minecraft:oak_sapling":8,"minecraft:coal":2,"minecraft:cobblestone":7},"minecraft:broken":{"minecraft:wooden_pickaxe":1},"minecraft:killed_by":{"minecraft:player":3},"minecraft:dropped":{"minecraft:wooden_axe":2,"minecraft:bucket":1}},"DataVersion":3700}