{"stats":{"minecraft:crafted":{"minecraft:oak_slab":282,"minecraft:oak_planks":208,"minecraft:crafting_table":1,"minecraft:spruce_planks":4,"minecraft:wooden_pickaxe":1,"minecraft:bucket":1,"minecraft:birch_planks":16,"minecraft:air":0,"minecraft:stick":36,"minecraft:iron_pickaxe":1,"minecraft:iron_ingot":25,"minecraft:wooden_axe":2,"minecraft:oak_fence":27,"minecraft:cooked_beef":2},"minecraft:custom":{"minecraft:interact_with_furnace":15,"minecraft:mob_kills":8,"minecraft:interact_with_crafting_table":18,"minecraft:leave_game":1,"minecraft:time_since_death":1415,"minecraft:damage_resisted":18,"minecraft:time_since_rest":1452,"minecraft:sprint_one_cm":81483,"minecraft:damage_taken":2554,"minecraft:walk_one_cm":138511,"minecraft:drop":4,"minecraft:damage_dealt":1794,"minecraft:fly_one_cm":56199,"minecraft:player_kills":2,"minecraft:open_chest":96,"minecraft:crouch_one_cm":76520,"minecraft:play_time":57788,"minecraft:deaths":9,"minecraft:sneak_time":19216,"minecraft:walk_under_water_one_cm":578,"minecraft:jump":360,"minecraft:walk_on_water_one_cm":3544,"minecraft:total_world_time":57788,"minecraft:fall_one_cm":1795},"minecraft:mined":{"minecraft:podzol":3,"minecraft:oak_slab":3,"minecraft:oak_sapling":1,"minecraft:powder_snow":2,"minecraft:clay":6,"minecraft:oak_fence":8,"minecraft:granite":14,"minecraft:grass_block":36,"minecraft:calcite":8,"minecraft:chest":3,"minecraft:copper_ore":5,"minecraft:diorite":13,"minecraft:amethyst_block":11,"minecraft:white_terracotta":7,"minecraft:blue_terracotta":1,"minecraft:raw_gold_block":4,"minecraft:sweet_berry_bush":1,"minecraft:birch_log":2,"minecraft:iron_ore":1,"minecraft:wheat":2,"minecraft:blue_ice":5,"minecraft:ice":3,"minecraft:spruce_log":1,"minecraft:andesite":4,"minecraft:pumpkin":1,"minecraft:oak_log":25,"minecraft:coal_ore":3,"minecraft:gravel":13,"minecraft:dripstone_block":4,"minecraft:dirt":2,"minecraft:packed_ice":12,"minecraft:smooth_basalt":13,"minecraft:terracotta":2,"minecraft:stone":13,"minecraft:oak_leaves":77,"minecraft:suspicious_gravel":11},"minecraft:used":{"minecraft:oak_fence":33,"minecraft:wheat_seeds":7,"minecraft:water_bucket":1,"minecraft:stone_pickaxe":103,"minecraft:chest":6,"minecraft:wooden_pickaxe":61,"minecraft:wooden_shovel":17,"minecraft:dirt":130,"minecraft:oak_slab":280,"minecraft:crafting_table":1,"minecraft:carrot":1,"minecraft:granite":7,"minecraft:wooden_axe":23,"minecraft:iron_pickaxe":49,"minecraft:raw_gold_block":5,"minecraft:stone_axe":63,"minecraft:cobblestone":2,"minecraft:oak_sapling":6,"minecraft:bucket":1,"minecraft:egg":5,"minecraft:cooked_beef":2,"minecraft:bone_meal":4},"minecraft:killed":{"minecraft:sheep":1,"minecraft:goat":3,"minecraft:mooshroom":1,"minecraft:stray":2},"minecraft:picked_up":{"minecraft:wooden_axe":2,"minecraft:birch_log":6,"minecraft:crafting_table":1,"minecraft:feather":3,"minecraft:water_bucket":1,"minecraft:andesite":26,"minecraft:clay_ball":16,"minecraft:leather":2,"minecraft:wooden_pickaxe":2,"minecraft:birch_planks":13,"minecraft:oak_log":40,"minecraft:amethyst_block":15,"minecraft:dirt":93,"minecraft:paper":6,"minecraft:raw_copper":52,"minecraft:bone":3,"minecraft:wheat_seeds":4,"minecraft:raw_gold":2,"minecraft:spruce_planks":2,"minecraft:rabbit_hide":2,"minecraft:iron_ingot":3,"minecraft:beef":5,"minecraft:calcite":28,"minecraft:wooden_shovel":3,"minecraft:rabbit":1,"minecraft:chest":12,"minecraft:oak_planks":5,"minecraft:furnace":1,"minecraft:egg":3,"minecraft:tipped_arrow":1,"minecraft:oak_slab":79,"minecraft:stick":15,"minecraft:raw_iron":6,"minecraft:smooth_basalt":11,"minecraft:raw_gold_block":10,"minecraft:sweet_berries":1,"minecraft:oak_fence":12,"minecraft:dripstone_block":7,"minecraft:gravel":23,"minecraft:music_disc_11":1,"minecraft:spruce_sapling":5,"minecraft:diorite":36,"minecraft:spruce_log":1,"minecraft:rabbit_foot":1,"minecraft:shaper_armor_trim_smithing_template":1,"minecraft:howl_pottery_sherd":5,"minecraft:arrow":2,"minecraft:blue_terracotta":3,"minecraft:stone_axe":2,"minecraft:writable_book":1,"minecraft:granite":47,"minecraft:terracotta":10,"minecraft:white_terracotta":5,"minecraft:oak_sapling":9,"minecraft:snowball":29,"minecraft:heartbreak_pottery_sherd":5,"minecraft:coal":6,"minecraft:cobblestone":74},"minecraft:broken":{"minecraft:stone_pickaxe":1,"minecraft:wooden_pickaxe":1},"minecraft:killed_by":{"minecraft:player":3,"minecraft:stray":1,"minecraft:polar_bear":1},"minecraft:dropped":{"minecraft:wooden_axe":2,"minecraft:bucket":1,"minecraft:bone":1}},"DataVersion":3700}