{"stats":{"minecraft:crafted":{"minecraft:oak_slab":186,"minecraft:oak_planks":160,"minecraft:crafting_table":1,"minecraft:stick":32,"minecraft:wooden_pickaxe":1,"minecraft:wooden_axe":2,"minecraft:birch_planks":16,"minecraft:oak_fence":27},"minecraft:custom":{"minecraft:time_since_rest":261,"minecraft:interact_with_furnace":5,"minecraft:sprint_one_cm":9331,"minecraft:damage_taken":296,"minecraft:walk_one_cm":42934,"minecraft:mob_kills":1,"minecraft:drop":3,"minecraft:damage_dealt":293,"minecraft:interact_with_crafting_table":14,"minecraft:fly_one_cm":2396,"minecraft:player_kills":1,"minecraft:open_chest":17,"minecraft:crouch_one_cm":37377,"minecraft:play_time":17495,"minecraft:deaths":1,"minecraft:sneak_time":8551,"minecraft:walk_under_water_one_cm":578,"minecraft:jump":61,"minecraft:time_since_death":230,"minecraft:walk_on_water_one_cm":3388,"minecraft:total_world_time":17495,"minecraft:damage_resisted":10,"minecraft:fall_one_cm":209},"minecraft:mined":{"minecraft:podzol":2,"minecraft:birch_log":1,"minecraft:wheat":1,"minecraft:pumpkin":1,"minecraft:oak_fence":2,"minecraft:clay":4,"minecraft:grass_block":13,"minecraft:oak_log":6,"minecraft:chest":1,"minecraft:dirt":1},"minecraft:used":{"minecraft:wheat_seeds":6,"minecraft:oak_fence":30,"minecraft:wooden_axe":17,"minecraft:water_bucket":1,"minecraft:wooden_pickaxe":12,"minecraft:dirt":61,"minecraft:oak_slab":111,"minecraft:crafting_table":1,"minecraft:carrot":1,"minecraft:egg":3},"minecraft:killed":{"minecraft:sheep":1},"minecraft:picked_up":{"minecraft:wooden_axe":2,"minecraft:stick":8,"minecraft:clay_ball":12,"minecraft:oak_fence":5,"minecraft:wooden_pickaxe":1,"minecraft:oak_log":16,"minecraft:dirt":60,"minecraft:wheat_seeds":2,"minecraft:beef":2,"minecraft:wooden_shovel":1,"minecraft:oak_sapling":1,"minecraft:chest":2,"minecraft:cobblestone":2,"minecraft:birch_log":4},"minecraft:killed_by":{"minecraft:player":1},"minecraft:dropped":{"minecraft:wooden_axe":2,"minecraft:bucket":1}},"DataVersion":3700}