{"stats":{"minecraft:mined":{"minecraft:tuff":31,"minecraft:mossy_cobblestone":1,"minecraft:deepslate_diamond_ore":19,"minecraft:crafting_table":5,"minecraft:granite":10,"minecraft:grass_block":10,"minecraft:rose_bush":2,"minecraft:cobblestone":2,"minecraft:spruce_leaves":2,"minecraft:diorite":2,"minecraft:wall_torch":7,"minecraft:spawner":1,"minecraft:furnace":9,"minecraft:birch_log":2,"minecraft:iron_ore":8,"minecraft:cobbled_deepslate":2,"minecraft:sweet_berry_bush":6,"minecraft:spruce_log":11,"minecraft:birch_leaves":3,"minecraft:pumpkin":1,"minecraft:grass":1,"minecraft:coal_ore":24,"minecraft:deepslate_iron_ore":12,"minecraft:gravel":1,"minecraft:sand":1,"minecraft:dirt":15,"minecraft:stone":209,"minecraft:gold_ore":1,"minecraft:deepslate":390},"minecraft:custom":{"minecraft:interact_with_furnace":28,"minecraft:mob_kills":9,"minecraft:interact_with_crafting_table":16,"minecraft:leave_game":3,"minecraft:time_since_death":47474,"minecraft:time_since_rest":47501,"minecraft:sprint_one_cm":73273,"minecraft:damage_taken":553,"minecraft:walk_one_cm":69866,"minecraft:damage_dealt":1245,"minecraft:swim_one_cm":41737,"minecraft:fly_one_cm":74555,"minecraft:player_kills":2,"minecraft:crouch_one_cm":52739,"minecraft:play_time":53160,"minecraft:deaths":1,"minecraft:sneak_time":20752,"minecraft:walk_under_water_one_cm":6841,"minecraft:jump":748,"minecraft:walk_on_water_one_cm":7141,"minecraft:total_world_time":53160,"minecraft:fall_one_cm":15387},"minecraft:used":{"minecraft:stone_sword":16,"minecraft:stone_pickaxe":267,"minecraft:wooden_pickaxe":29,"minecraft:diamond_axe":2,"minecraft:cooked_salmon":2,"minecraft:rotten_flesh":2,"minecraft:dirt":24,"minecraft:crafting_table":8,"minecraft:granite":3,"minecraft:iron_pickaxe":433,"minecraft:stone_axe":21,"minecraft:wooden_sword":20,"minecraft:cobblestone":71,"minecraft:beef":2,"minecraft:sweet_berries":9,"minecraft:furnace":6,"minecraft:cooked_beef":2,"minecraft:cobbled_deepslate":112},"minecraft:killed":{"minecraft:salmon":4,"minecraft:creeper":1,"minecraft:zombie":2,"minecraft:cow":2},"minecraft:picked_up":{"minecraft:birch_log":2,"minecraft:crafting_table":9,"minecraft:salmon":4,"minecraft:leather":5,"minecraft:tuff":31,"minecraft:gunpowder":2,"minecraft:dirt":24,"minecraft:cobbled_deepslate":391,"minecraft:raw_gold":1,"minecraft:beef":4,"minecraft:iron_ingot":4,"minecraft:rose_bush":2,"minecraft:oak_planks":4,"minecraft:furnace":9,"minecraft:stick":16,"minecraft:raw_iron":20,"minecraft:pumpkin":1,"minecraft:sweet_berries":8,"minecraft:torch":5,"minecraft:gravel":1,"minecraft:sand":1,"minecraft:diorite":2,"minecraft:spruce_log":9,"minecraft:mossy_cobblestone":1,"minecraft:stone_sword":1,"minecraft:rotten_flesh":2,"minecraft:diamond":19,"minecraft:granite":10,"minecraft:oak_sapling":1,"minecraft:coal":87,"minecraft:cobblestone":206},"minecraft:broken":{"minecraft:stone_pickaxe":2,"minecraft:iron_pickaxe":1},"minecraft:crafted":{"minecraft:cooked_beef":2,"minecraft:wooden_sword":1,"minecraft:diamond_axe":1,"minecraft:crafting_table":2,"minecraft:spruce_planks":12,"minecraft:wooden_pickaxe":2,"minecraft:iron_helmet":1,"minecraft:furnace":2,"minecraft:cooked_salmon":4,"minecraft:birch_planks":8,"minecraft:stone_axe":1,"minecraft:air":0,"minecraft:diamond_leggings":1,"minecraft:iron_chestplate":1,"minecraft:stick":12,"minecraft:iron_ingot":15,"minecraft:iron_pickaxe":2,"minecraft:stone_pickaxe":2,"minecraft:stone_sword":1,"minecraft:diamond_boots":1,"minecraft:gold_ingot":1},"minecraft:killed_by":{"minecraft:player":1}},"DataVersion":3465}