{"stats":{"minecraft:killed":{"minecraft:spider":1,"minecraft:skeleton":20,"minecraft:zombie_villager":1,"minecraft:creeper":23,"minecraft:sheep":1,"minecraft:goat":3,"minecraft:zombie":35,"minecraft:mooshroom":2,"minecraft:stray":2},"minecraft:used":{"minecraft:oak_fence":33,"minecraft:iron_shovel":6,"minecraft:spruce_planks":1,"minecraft:chest":8,"minecraft:wooden_shovel":17,"minecraft:rotten_flesh":2,"minecraft:torch":3,"minecraft:dirt":130,"minecraft:spyglass":7,"minecraft:carrot":1,"minecraft:tuff":27,"minecraft:granite":7,"minecraft:dark_oak_planks":18,"minecraft:wooden_axe":25,"minecraft:iron_axe":146,"minecraft:dark_oak_slab":6,"minecraft:raw_gold_block":5,"minecraft:written_book":1,"minecraft:oak_sapling":6,"minecraft:furnace":2,"minecraft:egg":5,"minecraft:cooked_beef":2,"minecraft:cobbled_deepslate":8,"minecraft:wheat_seeds":87,"minecraft:water_bucket":1,"minecraft:stone_pickaxe":177,"minecraft:wooden_pickaxe":61,"minecraft:chainmail_helmet":1,"minecraft:leather_boots":1,"minecraft:oak_slab":280,"minecraft:crafting_table":2,"minecraft:diamond_pickaxe":26,"minecraft:bread":5,"minecraft:iron_pickaxe":271,"minecraft:golden_helmet":1,"minecraft:stone_axe":147,"minecraft:cobblestone":2,"minecraft:bucket":1,"minecraft:golden_pickaxe":32,"minecraft:bone_meal":4},"minecraft:custom":{"minecraft:mob_kills":89,"minecraft:interact_with_crafting_table":31,"minecraft:leave_game":5,"minecraft:time_since_death":2145,"minecraft:damage_resisted":18,"minecraft:sprint_one_cm":151834,"minecraft:walk_one_cm":210116,"minecraft:drop":38,"minecraft:play_time":102273,"minecraft:deaths":13,"minecraft:sneak_time":34622,"minecraft:walk_under_water_one_cm":578,"minecraft:jump":494,"minecraft:walk_on_water_one_cm":3544,"minecraft:total_world_time":102273,"minecraft:interact_with_furnace":29,"minecraft:time_since_rest":2175,"minecraft:damage_taken":3912,"minecraft:damage_dealt":6047,"minecraft:fly_one_cm":84051,"minecraft:player_kills":2,"minecraft:open_chest":166,"minecraft:crouch_one_cm":112466,"minecraft:fall_one_cm":6322},"minecraft:broken":{"minecraft:wooden_pickaxe":1,"minecraft:stone_pickaxe":2,"minecraft:iron_axe":1,"minecraft:stone_axe":1,"minecraft:golden_pickaxe":1,"minecraft:wooden_axe":1},"minecraft:picked_up":{"minecraft:wooden_axe":2,"minecraft:crafting_table":2,"minecraft:wheat":42,"minecraft:clay_ball":20,"minecraft:wooden_pickaxe":2,"minecraft:amethyst_block":46,"minecraft:string":6,"minecraft:iron_axe":1,"minecraft:raw_copper":112,"minecraft:iron_shovel":2,"minecraft:deepslate_tiles":24,"minecraft:candle":4,"minecraft:cobbled_deepslate":90,"minecraft:spruce_planks":6,"minecraft:beef":8,"minecraft:written_book":1,"minecraft:calcite":42,"minecraft:wooden_shovel":3,"minecraft:iron_pickaxe":1,"minecraft:chest":19,"minecraft:spruce_trapdoor":8,"minecraft:egg":3,"minecraft:furnace":3,"minecraft:golden_helmet":3,"minecraft:tipped_arrow":1,"minecraft:stick":20,"minecraft:raw_iron":42,"minecraft:raw_gold_block":10,"minecraft:oak_fence":12,"minecraft:torch":1,"minecraft:amethyst_cluster":2,"minecraft:music_disc_11":1,"minecraft:diorite":39,"minecraft:rabbit_foot":1,"minecraft:dark_oak_planks":8,"minecraft:shaper_armor_trim_smithing_template":1,"minecraft:howl_pottery_sherd":5,"minecraft:arrow":11,"minecraft:rotten_flesh":22,"minecraft:music_disc_ward":2,"minecraft:deepslate_bricks":25,"minecraft:white_terracotta":5,"minecraft:snowball":29,"minecraft:cobblestone":99,"minecraft:heartbreak_pottery_sherd":5,"minecraft:birch_log":9,"minecraft:feather":6,"minecraft:cooked_beef":6,"minecraft:water_bucket":1,"minecraft:andesite":34,"minecraft:leather":2,"minecraft:birch_planks":13,"minecraft:tuff":39,"minecraft:oak_log":61,"minecraft:gunpowder":31,"minecraft:lapis_lazuli":85,"minecraft:dirt":100,"minecraft:paper":6,"minecraft:leather_boots":5,"minecraft:bone":14,"minecraft:wheat_seeds":144,"minecraft:raw_gold":5,"minecraft:rabbit_hide":2,"minecraft:iron_ingot":3,"minecraft:rabbit":1,"minecraft:oak_planks":5,"minecraft:oak_slab":79,"minecraft:smooth_basalt":22,"minecraft:sweet_berries":1,"minecraft:raw_iron_block":1,"minecraft:dripstone_block":7,"minecraft:gravel":25,"minecraft:amethyst_shard":1,"minecraft:spruce_sapling":11,"minecraft:spruce_log":14,"minecraft:dark_oak_log":46,"minecraft:leather_helmet":1,"minecraft:blue_terracotta":3,"minecraft:diamond":6,"minecraft:stone_axe":2,"minecraft:writable_book":1,"minecraft:granite":48,"minecraft:chainmail_helmet":1,"minecraft:bread":7,"minecraft:terracotta":10,"minecraft:oak_sapling":9,"minecraft:coal":27},"minecraft:killed_by":{"minecraft:player":3,"minecraft:stray":1,"minecraft:creeper":1,"minecraft:polar_bear":1},"minecraft:crafted":{"minecraft:oak_planks":208,"minecraft:iron_axe":1,"minecraft:dark_oak_planks":80,"minecraft:oak_fence":27,"minecraft:cooked_beef":2,"minecraft:oak_slab":282,"minecraft:crafting_table":1,"minecraft:spruce_planks":4,"minecraft:wooden_pickaxe":1,"minecraft:golden_pickaxe":1,"minecraft:bucket":1,"minecraft:birch_planks":16,"minecraft:stone_axe":1,"minecraft:bread":14,"minecraft:air":0,"minecraft:diamond_pickaxe":1,"minecraft:dark_oak_slab":6,"minecraft:stick":52,"minecraft:iron_ingot":47,"minecraft:iron_pickaxe":2,"minecraft:wooden_axe":2},"minecraft:dropped":{"minecraft:bread":4,"minecraft:wheat_seeds":52,"minecraft:coal":2,"minecraft:leather_helmet":1,"minecraft:torch":2,"minecraft:wooden_axe":2,"minecraft:bucket":1,"minecraft:bone":5,"minecraft:leather_boots":1,"minecraft:glow_squid_spawn_egg":1},"minecraft:mined":{"minecraft:dark_oak_planks":8,"minecraft:deepslate_tiles":17,"minecraft:diamond_ore":4,"minecraft:tuff":27,"minecraft:oak_sapling":1,"minecraft:deepslate_diamond_ore":2,"minecraft:dark_oak_log":29,"minecraft:granite":15,"minecraft:budding_amethyst":15,"minecraft:grass_block":41,"minecraft:deepslate_bricks":21,"minecraft:raw_iron_block":1,"minecraft:furnace":2,"minecraft:raw_gold_block":4,"minecraft:iron_ore":2,"minecraft:andesite":12,"minecraft:pumpkin":1,"minecraft:deepslate_lapis_ore":8,"minecraft:deepslate_iron_ore":28,"minecraft:packed_ice":12,"minecraft:stone":38,"minecraft:podzol":3,"minecraft:oak_slab":3,"minecraft:powder_snow":2,"minecraft:oak_fence":8,"minecraft:clay":7,"minecraft:crafting_table":1,"minecraft:calcite":20,"minecraft:chest":10,"minecraft:copper_ore":6,"minecraft:deepslate_coal_ore":20,"minecraft:lapis_ore":1,"minecraft:deepslate_gold_ore":2,"minecraft:diorite":15,"minecraft:amethyst_block":34,"minecraft:deepslate_copper_ore":15,"minecraft:white_terracotta":7,"minecraft:blue_terracotta":1,"minecraft:birch_log":4,"minecraft:wheat":40,"minecraft:sweet_berry_bush":1,"minecraft:blue_ice":5,"minecraft:ice":3,"minecraft:spruce_log":13,"minecraft:oak_log":46,"minecraft:coal_ore":4,"minecraft:gravel":14,"minecraft:dripstone_block":4,"minecraft:dirt":3,"minecraft:smooth_basalt":23,"minecraft:terracotta":2,"minecraft:gold_ore":1,"minecraft:oak_leaves":77,"minecraft:deepslate":78,"minecraft:suspicious_gravel":32}},"DataVersion":3700}