{"stats":{"minecraft:killed":{"minecraft:skeleton":2,"minecraft:creeper":3,"minecraft:sheep":1,"minecraft:goat":3,"minecraft:zombie":4,"minecraft:mooshroom":1,"minecraft:stray":2},"minecraft:used":{"minecraft:oak_fence":33,"minecraft:iron_shovel":5,"minecraft:chest":8,"minecraft:wooden_shovel":17,"minecraft:dirt":130,"minecraft:spyglass":7,"minecraft:carrot":1,"minecraft:granite":7,"minecraft:wooden_axe":25,"minecraft:dark_oak_planks":9,"minecraft:dark_oak_slab":6,"minecraft:raw_gold_block":5,"minecraft:oak_sapling":6,"minecraft:furnace":2,"minecraft:egg":5,"minecraft:cooked_beef":2,"minecraft:wheat_seeds":7,"minecraft:water_bucket":1,"minecraft:stone_pickaxe":177,"minecraft:wooden_pickaxe":61,"minecraft:oak_slab":280,"minecraft:crafting_table":2,"minecraft:iron_pickaxe":130,"minecraft:stone_axe":136,"minecraft:cobblestone":2,"minecraft:bucket":1,"minecraft:bone_meal":4,"minecraft:golden_pickaxe":32},"minecraft:custom":{"minecraft:mob_kills":17,"minecraft:interact_with_crafting_table":24,"minecraft:leave_game":2,"minecraft:time_since_death":16734,"minecraft:damage_resisted":18,"minecraft:sprint_one_cm":111157,"minecraft:walk_one_cm":168578,"minecraft:drop":6,"minecraft:play_time":75585,"minecraft:deaths":10,"minecraft:sneak_time":25514,"minecraft:walk_under_water_one_cm":578,"minecraft:jump":422,"minecraft:walk_on_water_one_cm":3544,"minecraft:total_world_time":75585,"minecraft:interact_with_furnace":24,"minecraft:time_since_rest":16779,"minecraft:damage_taken":2804,"minecraft:damage_dealt":3670,"minecraft:fly_one_cm":71032,"minecraft:player_kills":2,"minecraft:open_chest":139,"minecraft:crouch_one_cm":88873,"minecraft:fall_one_cm":2484},"minecraft:broken":{"minecraft:wooden_pickaxe":1,"minecraft:stone_pickaxe":2,"minecraft:golden_pickaxe":1,"minecraft:wooden_axe":1},"minecraft:picked_up":{"minecraft:wooden_axe":2,"minecraft:crafting_table":2,"minecraft:clay_ball":20,"minecraft:wooden_pickaxe":2,"minecraft:amethyst_block":25,"minecraft:raw_copper":67,"minecraft:deepslate_tiles":7,"minecraft:cobbled_deepslate":32,"minecraft:spruce_planks":4,"minecraft:beef":5,"minecraft:calcite":37,"minecraft:wooden_shovel":3,"minecraft:chest":16,"minecraft:egg":3,"minecraft:furnace":3,"minecraft:tipped_arrow":1,"minecraft:golden_helmet":1,"minecraft:stick":18,"minecraft:raw_iron":24,"minecraft:raw_gold_block":10,"minecraft:oak_fence":12,"minecraft:music_disc_11":1,"minecraft:diorite":37,"minecraft:rabbit_foot":1,"minecraft:dark_oak_planks":5,"minecraft:howl_pottery_sherd":5,"minecraft:shaper_armor_trim_smithing_template":1,"minecraft:arrow":4,"minecraft:rotten_flesh":4,"minecraft:deepslate_bricks":5,"minecraft:white_terracotta":5,"minecraft:snowball":29,"minecraft:cobblestone":89,"minecraft:heartbreak_pottery_sherd":5,"minecraft:birch_log":7,"minecraft:feather":3,"minecraft:water_bucket":1,"minecraft:andesite":34,"minecraft:leather":2,"minecraft:birch_planks":13,"minecraft:tuff":13,"minecraft:oak_log":46,"minecraft:gunpowder":1,"minecraft:lapis_lazuli":6,"minecraft:dirt":97,"minecraft:paper":6,"minecraft:leather_boots":1,"minecraft:bone":9,"minecraft:wheat_seeds":4,"minecraft:raw_gold":5,"minecraft:rabbit_hide":2,"minecraft:iron_ingot":3,"minecraft:rabbit":1,"minecraft:oak_planks":5,"minecraft:oak_slab":79,"minecraft:smooth_basalt":20,"minecraft:sweet_berries":1,"minecraft:dripstone_block":7,"minecraft:gravel":23,"minecraft:spruce_sapling":11,"minecraft:spruce_log":5,"minecraft:dark_oak_log":12,"minecraft:blue_terracotta":3,"minecraft:diamond":5,"minecraft:stone_axe":2,"minecraft:writable_book":1,"minecraft:granite":48,"minecraft:terracotta":10,"minecraft:oak_sapling":9,"minecraft:coal":23},"minecraft:killed_by":{"minecraft:player":3,"minecraft:stray":1,"minecraft:polar_bear":1},"minecraft:crafted":{"minecraft:oak_planks":208,"minecraft:dark_oak_planks":36,"minecraft:oak_fence":27,"minecraft:cooked_beef":2,"minecraft:oak_slab":282,"minecraft:crafting_table":1,"minecraft:spruce_planks":4,"minecraft:wooden_pickaxe":1,"minecraft:golden_pickaxe":1,"minecraft:bucket":1,"minecraft:birch_planks":16,"minecraft:stone_axe":1,"minecraft:air":0,"minecraft:dark_oak_slab":6,"minecraft:stick":44,"minecraft:iron_ingot":30,"minecraft:iron_pickaxe":2,"minecraft:wooden_axe":2},"minecraft:dropped":{"minecraft:coal":2,"minecraft:wooden_axe":2,"minecraft:bucket":1,"minecraft:bone":5},"minecraft:mined":{"minecraft:dark_oak_planks":5,"minecraft:deepslate_tiles":7,"minecraft:diamond_ore":4,"minecraft:tuff":13,"minecraft:oak_sapling":1,"minecraft:deepslate_diamond_ore":1,"minecraft:dark_oak_log":12,"minecraft:granite":15,"minecraft:budding_amethyst":10,"minecraft:grass_block":40,"minecraft:deepslate_bricks":5,"minecraft:furnace":2,"minecraft:raw_gold_block":4,"minecraft:iron_ore":1,"minecraft:andesite":12,"minecraft:pumpkin":1,"minecraft:deepslate_lapis_ore":1,"minecraft:deepslate_iron_ore":17,"minecraft:packed_ice":12,"minecraft:stone":28,"minecraft:podzol":3,"minecraft:oak_slab":3,"minecraft:powder_snow":2,"minecraft:oak_fence":8,"minecraft:clay":7,"minecraft:crafting_table":1,"minecraft:calcite":17,"minecraft:chest":7,"minecraft:copper_ore":6,"minecraft:deepslate_coal_ore":17,"minecraft:deepslate_gold_ore":2,"minecraft:diorite":14,"minecraft:amethyst_block":21,"minecraft:deepslate_copper_ore":3,"minecraft:white_terracotta":7,"minecraft:blue_terracotta":1,"minecraft:birch_log":3,"minecraft:blue_ice":5,"minecraft:sweet_berry_bush":1,"minecraft:wheat":2,"minecraft:ice":3,"minecraft:spruce_log":6,"minecraft:coal_ore":3,"minecraft:oak_log":31,"minecraft:gravel":13,"minecraft:dripstone_block":4,"minecraft:dirt":2,"minecraft:smooth_basalt":22,"minecraft:terracotta":2,"minecraft:gold_ore":1,"minecraft:oak_leaves":77,"minecraft:deepslate":38,"minecraft:suspicious_gravel":15}},"DataVersion":3700}