{"stats":{"minecraft:killed":{"minecraft:creeper":1,"minecraft:sheep":1,"minecraft:goat":3,"minecraft:mooshroom":1,"minecraft:stray":2},"minecraft:used":{"minecraft:wheat_seeds":7,"minecraft:oak_fence":33,"minecraft:water_bucket":1,"minecraft:iron_shovel":2,"minecraft:stone_pickaxe":142,"minecraft:chest":6,"minecraft:wooden_pickaxe":61,"minecraft:wooden_shovel":17,"minecraft:dirt":130,"minecraft:oak_slab":280,"minecraft:crafting_table":1,"minecraft:carrot":1,"minecraft:granite":7,"minecraft:wooden_axe":25,"minecraft:iron_pickaxe":49,"minecraft:raw_gold_block":5,"minecraft:stone_axe":70,"minecraft:cobblestone":2,"minecraft:oak_sapling":6,"minecraft:bucket":1,"minecraft:golden_pickaxe":1,"minecraft:egg":5,"minecraft:cooked_beef":2,"minecraft:bone_meal":4},"minecraft:custom":{"minecraft:interact_with_furnace":17,"minecraft:mob_kills":9,"minecraft:interact_with_crafting_table":21,"minecraft:leave_game":2,"minecraft:time_since_death":4734,"minecraft:damage_resisted":18,"minecraft:time_since_rest":4779,"minecraft:sprint_one_cm":96510,"minecraft:damage_taken":2804,"minecraft:walk_one_cm":151996,"minecraft:drop":5,"minecraft:damage_dealt":2069,"minecraft:fly_one_cm":69121,"minecraft:player_kills":2,"minecraft:open_chest":128,"minecraft:crouch_one_cm":76867,"minecraft:play_time":63585,"minecraft:deaths":10,"minecraft:sneak_time":19305,"minecraft:walk_under_water_one_cm":578,"minecraft:jump":401,"minecraft:walk_on_water_one_cm":3544,"minecraft:total_world_time":63585,"minecraft:fall_one_cm":1795},"minecraft:broken":{"minecraft:stone_pickaxe":1,"minecraft:wooden_axe":1,"minecraft:wooden_pickaxe":1},"minecraft:picked_up":{"minecraft:birch_log":6,"minecraft:crafting_table":1,"minecraft:feather":3,"minecraft:clay_ball":16,"minecraft:water_bucket":1,"minecraft:andesite":28,"minecraft:leather":2,"minecraft:wooden_pickaxe":2,"minecraft:birch_planks":13,"minecraft:tuff":4,"minecraft:oak_log":40,"minecraft:gunpowder":1,"minecraft:amethyst_block":21,"minecraft:dirt":95,"minecraft:paper":6,"minecraft:raw_copper":52,"minecraft:bone":3,"minecraft:wheat_seeds":4,"minecraft:cobbled_deepslate":2,"minecraft:raw_gold":2,"minecraft:rabbit_hide":2,"minecraft:spruce_planks":4,"minecraft:beef":5,"minecraft:iron_ingot":3,"minecraft:calcite":33,"minecraft:wooden_shovel":3,"minecraft:rabbit":1,"minecraft:chest":13,"minecraft:oak_planks":5,"minecraft:furnace":1,"minecraft:egg":3,"minecraft:tipped_arrow":1,"minecraft:oak_slab":79,"minecraft:stick":15,"minecraft:raw_iron":6,"minecraft:smooth_basalt":16,"minecraft:raw_gold_block":10,"minecraft:sweet_berries":1,"minecraft:oak_fence":12,"minecraft:dripstone_block":7,"minecraft:gravel":23,"minecraft:spruce_sapling":5,"minecraft:music_disc_11":1,"minecraft:diorite":37,"minecraft:spruce_log":1,"minecraft:dark_oak_log":4,"minecraft:rabbit_foot":1,"minecraft:shaper_armor_trim_smithing_template":1,"minecraft:howl_pottery_sherd":5,"minecraft:arrow":2,"minecraft:blue_terracotta":3,"minecraft:stone_axe":2,"minecraft:writable_book":1,"minecraft:granite":47,"minecraft:white_terracotta":5,"minecraft:terracotta":10,"minecraft:oak_sapling":9,"minecraft:cobblestone":74,"minecraft:coal":8,"minecraft:snowball":29,"minecraft:wooden_axe":2,"minecraft:heartbreak_pottery_sherd":5},"minecraft:killed_by":{"minecraft:player":3,"minecraft:stray":1,"minecraft:polar_bear":1},"minecraft:crafted":{"minecraft:cooked_beef":2,"minecraft:oak_planks":208,"minecraft:oak_slab":282,"minecraft:crafting_table":1,"minecraft:spruce_planks":4,"minecraft:wooden_pickaxe":1,"minecraft:golden_pickaxe":1,"minecraft:bucket":1,"minecraft:birch_planks":16,"minecraft:stone_axe":1,"minecraft:air":0,"minecraft:stick":40,"minecraft:iron_ingot":25,"minecraft:iron_pickaxe":1,"minecraft:wooden_axe":2,"minecraft:oak_fence":27},"minecraft:dropped":{"minecraft:coal":2,"minecraft:wooden_axe":2,"minecraft:bucket":1,"minecraft:bone":1},"minecraft:mined":{"minecraft:oak_slab":3,"minecraft:tuff":4,"minecraft:oak_sapling":1,"minecraft:dark_oak_log":4,"minecraft:powder_snow":2,"minecraft:oak_fence":8,"minecraft:clay":6,"minecraft:granite":14,"minecraft:grass_block":38,"minecraft:calcite":13,"minecraft:chest":4,"minecraft:copper_ore":5,"minecraft:deepslate_coal_ore":2,"minecraft:diorite":14,"minecraft:amethyst_block":17,"minecraft:white_terracotta":7,"minecraft:blue_terracotta":1,"minecraft:raw_gold_block":4,"minecraft:birch_log":2,"minecraft:iron_ore":1,"minecraft:wheat":2,"minecraft:sweet_berry_bush":1,"minecraft:ice":3,"minecraft:blue_ice":5,"minecraft:spruce_log":1,"minecraft:andesite":6,"minecraft:pumpkin":1,"minecraft:oak_log":25,"minecraft:coal_ore":3,"minecraft:gravel":13,"minecraft:dripstone_block":4,"minecraft:dirt":2,"minecraft:packed_ice":12,"minecraft:smooth_basalt":18,"minecraft:terracotta":2,"minecraft:deepslate":9,"minecraft:stone":13,"minecraft:suspicious_gravel":13,"minecraft:oak_leaves":77,"minecraft:podzol":3}},"DataVersion":3700}