{"stats":{"minecraft:crafted":{"minecraft:oak_slab":186,"minecraft:oak_planks":160,"minecraft:crafting_table":1,"minecraft:stick":32,"minecraft:wooden_pickaxe":1,"minecraft:wooden_axe":2,"minecraft:birch_planks":16,"minecraft:oak_fence":27},"minecraft:custom":{"minecraft:time_since_rest":517,"minecraft:interact_with_furnace":5,"minecraft:sprint_one_cm":38573,"minecraft:damage_taken":1549,"minecraft:walk_one_cm":76266,"minecraft:mob_kills":1,"minecraft:drop":3,"minecraft:damage_dealt":817,"minecraft:interact_with_crafting_table":14,"minecraft:fly_one_cm":28462,"minecraft:player_kills":2,"minecraft:open_chest":32,"minecraft:crouch_one_cm":53818,"minecraft:play_time":29495,"minecraft:deaths":6,"minecraft:sneak_time":12194,"minecraft:walk_under_water_one_cm":578,"minecraft:jump":210,"minecraft:time_since_death":485,"minecraft:walk_on_water_one_cm":3388,"minecraft:total_world_time":29495,"minecraft:damage_resisted":18,"minecraft:fall_one_cm":1164},"minecraft:mined":{"minecraft:podzol":2,"minecraft:oak_slab":1,"minecraft:oak_sapling":1,"minecraft:birch_log":1,"minecraft:wheat":1,"minecraft:pumpkin":1,"minecraft:oak_fence":2,"minecraft:clay":4,"minecraft:granite":1,"minecraft:grass_block":13,"minecraft:oak_log":7,"minecraft:chest":1,"minecraft:dirt":1,"minecraft:oak_leaves":75},"minecraft:used":{"minecraft:wheat_seeds":6,"minecraft:oak_fence":30,"minecraft:wooden_axe":23,"minecraft:water_bucket":1,"minecraft:chest":1,"minecraft:wooden_pickaxe":44,"minecraft:wooden_shovel":17,"minecraft:dirt":130,"minecraft:oak_slab":181,"minecraft:crafting_table":1,"minecraft:oak_sapling":2,"minecraft:carrot":1,"minecraft:egg":5,"minecraft:granite":1},"minecraft:killed":{"minecraft:sheep":1},"minecraft:picked_up":{"minecraft:wooden_axe":2,"minecraft:stick":12,"minecraft:clay_ball":12,"minecraft:leather":1,"minecraft:oak_fence":6,"minecraft:wooden_pickaxe":1,"minecraft:birch_planks":13,"minecraft:oak_log":18,"minecraft:diorite":1,"minecraft:amethyst_block":2,"minecraft:dirt":61,"minecraft:raw_copper":4,"minecraft:wheat_seeds":3,"minecraft:granite":6,"minecraft:beef":3,"minecraft:calcite":2,"minecraft:wooden_shovel":2,"minecraft:rabbit":1,"minecraft:oak_sapling":4,"minecraft:chest":4,"minecraft:oak_planks":5,"minecraft:egg":2,"minecraft:oak_slab":70,"minecraft:cobblestone":2,"minecraft:birch_log":4},"minecraft:broken":{"minecraft:wooden_pickaxe":1},"minecraft:killed_by":{"minecraft:player":2},"minecraft:dropped":{"minecraft:wooden_axe":2,"minecraft:bucket":1}},"DataVersion":3700}