{"stats":{"minecraft:mined":{"minecraft:granite":2,"minecraft:tuff":25,"minecraft:dirt":6,"minecraft:cobbled_deepslate":2,"minecraft:stone":29,"minecraft:andesite":2,"minecraft:deepslate":58},"minecraft:custom":{"minecraft:time_since_rest":7511,"minecraft:crouch_one_cm":10067,"minecraft:play_time":7511,"minecraft:sprint_one_cm":17287,"minecraft:damage_taken":20,"minecraft:walk_one_cm":6855,"minecraft:sneak_time":5014,"minecraft:walk_under_water_one_cm":64,"minecraft:jump":49,"minecraft:leave_game":4,"minecraft:time_since_death":7511,"minecraft:walk_on_water_one_cm":437,"minecraft:total_world_time":7511,"minecraft:swim_one_cm":2859,"minecraft:fall_one_cm":2361,"minecraft:fly_one_cm":8691},"minecraft:used":{"minecraft:dirt":6,"minecraft:cobblestone":2,"minecraft:stone_pickaxe":121,"minecraft:cobbled_deepslate":2},"minecraft:picked_up":{"minecraft:andesite":2,"minecraft:cobbled_deepslate":60,"minecraft:granite":2,"minecraft:stone_pickaxe":1,"minecraft:tuff":25,"minecraft:dirt":6,"minecraft:cobblestone":29}},"DataVersion":3465}